,effectiveness,T1,T2,shot_attempt,score,2_or_3_point,ID1,ID2,team_id,game_id,quarter,score_binary,attempt_binary
"(1040,)",0.0,85.0,71.0,2.0,2.0,2.0,201567.0,202681.0,1610612739.0,21500499,1,1,1
"(1041,)",1.0,16.0,0.0,2.0,0.0,2.0,101112.0,203901.0,1610612739.0,21500499,1,0,1
"(1042,)",1.0,81.0,60.0,3.0,0.0,3.0,202681.0,2544.0,1610612739.0,21500499,1,0,1
"(1043,)",0.0,5.0,0.0,3.0,0.0,3.0,2747.0,-1.0,1610612739.0,21500499,1,0,1
"(1044,)",0.0,69.0,50.0,3.0,3.0,3.0,201567.0,2747.0,1610612739.0,21500499,1,1,1
"(1048,)",1.0,134.0,111.0,3.0,0.0,3.0,2544.0,201567.0,1610612739.0,21500499,1,0,1
"(1052,)",1.0,47.0,31.0,3.0,0.0,3.0,203521.0,2210.0,1610612739.0,21500499,1,0,1
"(1053,)",0.0,0.0,0.0,0.0,0.0,3.0,1626209.0,-1.0,1610612739.0,21500499,1,0,0
"(1055,)",1.0,57.0,13.0,3.0,0.0,3.0,2592.0,202389.0,1610612739.0,21500499,2,0,1
"(1056,)",0.0,45.0,13.0,2.0,0.0,2.0,202389.0,202697.0,1610612739.0,21500499,2,0,1
"(1058,)",1.0,78.0,0.0,3.0,0.0,3.0,202697.0,203521.0,1610612739.0,21500499,2,0,1
"(1062,)",0.0,0.0,0.0,2.0,0.0,2.0,202681.0,-1.0,1610612739.0,21500499,2,0,1
"(1063,)",0.0,45.0,6.0,3.0,0.0,3.0,202681.0,201567.0,1610612739.0,21500499,2,0,1
"(1065,)",1.0,43.0,29.0,2.0,2.0,2.0,2544.0,201567.0,1610612739.0,21500499,2,1,1
"(1068,)",1.0,67.0,0.0,3.0,3.0,3.0,2747.0,202681.0,1610612739.0,21500499,3,1,1
"(1069,)",0.0,89.0,79.0,3.0,0.0,3.0,2747.0,2544.0,1610612739.0,21500499,3,0,1
"(1072,)",1.0,94.0,45.0,2.0,2.0,2.0,202681.0,2747.0,1610612739.0,21500499,3,1,1
"(1073,)",0.0,68.0,62.0,3.0,0.0,3.0,201567.0,2747.0,1610612739.0,21500499,3,0,1
"(1076,)",0.0,87.0,17.0,3.0,0.0,3.0,2747.0,202681.0,1610612739.0,21500499,3,0,1
"(1078,)",0.0,116.0,16.0,2.0,0.0,2.0,202681.0,201567.0,1610612739.0,21500499,3,0,1
"(1080,)",0.0,47.0,24.0,2.0,2.0,2.0,2544.0,201567.0,1610612739.0,21500499,3,1,1
"(1086,)",1.0,73.0,9.0,3.0,0.0,3.0,203521.0,202684.0,1610612739.0,21500499,3,0,1
"(1087,)",0.0,42.0,0.0,2.0,0.0,2.0,2544.0,203521.0,1610612739.0,21500499,3,0,1
"(1089,)",0.0,125.0,85.0,3.0,0.0,3.0,2592.0,202389.0,1610612739.0,21500499,4,0,1
"(1090,)",1.0,66.0,21.0,3.0,0.0,3.0,203521.0,202697.0,1610612739.0,21500499,4,0,1
"(1091,)",1.0,44.0,38.0,3.0,0.0,3.0,2210.0,203521.0,1610612739.0,21500499,4,0,1
"(1093,)",1.0,61.0,54.0,0.0,0.0,2.0,2210.0,202697.0,1610612739.0,21500499,4,0,0
"(1094,)",1.0,141.0,98.0,3.0,3.0,3.0,2590.0,2210.0,1610612739.0,21500499,4,1,1
"(1095,)",0.0,43.0,0.0,2.0,0.0,2.0,203099.0,2590.0,1610612739.0,21500499,4,0,1
"(1097,)",0.0,39.0,12.0,3.0,0.0,3.0,2590.0,2592.0,1610612739.0,21500499,4,0,1
"(1098,)",0.0,73.0,42.0,2.0,0.0,2.0,2760.0,2210.0,1610612739.0,21500499,4,0,1
"(1099,)",1.0,43.0,0.0,2.0,2.0,3.0,2592.0,2760.0,1610612739.0,21500499,4,1,1
"(1101,)",1.0,42.0,0.0,2.0,0.0,2.0,203473.0,203894.0,1610612739.0,21500499,4,0,1
"(1102,)",0.0,0.0,0.0,3.0,0.0,3.0,2590.0,-1.0,1610612739.0,21500499,4,0,1
"(2391,)",0.0,41.0,0.0,2.0,2.0,2.0,202681.0,2544.0,1610612739.0,21500511,1,1,1
"(2393,)",0.0,45.0,21.0,2.0,2.0,2.0,2747.0,202681.0,1610612739.0,21500511,1,1,1
"(2396,)",1.0,58.0,46.0,2.0,2.0,2.0,201567.0,2544.0,1610612739.0,21500511,1,1,1
"(2397,)",1.0,84.0,71.0,3.0,3.0,3.0,2747.0,202681.0,1610612739.0,21500511,1,1,1
"(2398,)",1.0,0.0,0.0,2.0,2.0,2.0,2544.0,-1.0,1610612739.0,21500511,1,1,1
"(2400,)",0.0,0.0,0.0,2.0,2.0,2.0,202681.0,-1.0,1610612739.0,21500511,1,1,1
"(2402,)",1.0,116.0,112.0,3.0,3.0,3.0,2747.0,202684.0,1610612739.0,21500511,1,1,1
"(2403,)",0.0,101.0,94.0,3.0,0.0,3.0,2747.0,203521.0,1610612739.0,21500511,1,0,1
"(2404,)",1.0,107.0,79.0,3.0,0.0,3.0,201567.0,2544.0,1610612739.0,21500511,1,0,1
"(2406,)",1.0,47.0,0.0,3.0,3.0,3.0,2592.0,203521.0,1610612739.0,21500511,1,1,1
"(2407,)",0.0,14.0,0.0,0.0,0.0,2.0,203521.0,2210.0,1610612739.0,21500511,1,0,0
"(2411,)",1.0,57.0,45.0,2.0,0.0,2.0,201567.0,2747.0,1610612739.0,21500511,2,0,1
"(2412,)",1.0,139.0,121.0,3.0,3.0,3.0,2747.0,201567.0,1610612739.0,21500511,2,1,1
"(2415,)",0.0,83.0,76.0,3.0,0.0,3.0,2747.0,201567.0,1610612739.0,21500511,2,0,1
"(2416,)",1.0,108.0,0.0,2.0,2.0,2.0,202684.0,2544.0,1610612739.0,21500511,2,1,1
"(2418,)",1.0,0.0,0.0,2.0,2.0,2.0,2544.0,-1.0,1610612739.0,21500511,2,1,1
"(2419,)",1.0,59.0,53.0,3.0,3.0,3.0,201567.0,202681.0,1610612739.0,21500511,3,1,1
"(2422,)",0.0,74.0,0.0,0.0,0.0,2.0,202684.0,202681.0,1610612739.0,21500511,3,0,0
"(2424,)",0.0,137.0,114.0,0.0,0.0,2.0,201567.0,2544.0,1610612739.0,21500511,3,0,0
"(2426,)",0.0,12.0,0.0,2.0,0.0,2.0,2747.0,201567.0,1610612739.0,21500511,3,0,1
"(2430,)",0.0,0.0,0.0,2.0,2.0,2.0,203521.0,-1.0,1610612739.0,21500511,3,1,1
"(2432,)",0.0,33.0,0.0,3.0,0.0,3.0,2544.0,203521.0,1610612739.0,21500511,3,0,1
"(2433,)",1.0,48.0,0.0,3.0,3.0,3.0,203521.0,2544.0,1610612739.0,21500511,3,1,1
"(2437,)",0.0,101.0,0.0,2.0,0.0,2.0,202681.0,203521.0,1610612739.0,21500511,4,0,1
"(2439,)",1.0,0.0,0.0,2.0,2.0,2.0,202681.0,-1.0,1610612739.0,21500511,4,1,1
"(2441,)",0.0,71.0,0.0,2.0,2.0,2.0,201567.0,203521.0,1610612739.0,21500511,4,1,1
"(2444,)",1.0,47.0,10.0,3.0,0.0,3.0,202697.0,201567.0,1610612739.0,21500511,4,0,1
"(2446,)",1.0,57.0,33.0,3.0,3.0,3.0,2747.0,202697.0,1610612739.0,21500511,4,1,1
"(2449,)",1.0,73.0,43.0,2.0,2.0,2.0,203521.0,202697.0,1610612739.0,21500511,4,1,1
"(2450,)",0.0,60.0,0.0,3.0,3.0,2.0,203521.0,203099.0,1610612739.0,21500511,4,1,1
"(2913,)",0.0,70.0,44.0,2.0,2.0,2.0,2747.0,201567.0,1610612739.0,21500527,1,1,1
"(2915,)",0.0,20.0,0.0,2.0,2.0,2.0,2544.0,202681.0,1610612739.0,21500527,1,1,1
"(2916,)",1.0,52.0,31.0,0.0,0.0,2.0,201567.0,2544.0,1610612739.0,21500527,1,0,0
"(2917,)",0.0,57.0,23.0,2.0,2.0,2.0,2544.0,2747.0,1610612739.0,21500527,1,1,1
"(2920,)",0.0,38.0,0.0,2.0,2.0,2.0,2544.0,202681.0,1610612739.0,21500527,1,1,1
"(2922,)",0.0,63.0,53.0,2.0,2.0,2.0,2747.0,202681.0,1610612739.0,21500527,1,1,1
"(2923,)",0.0,79.0,60.0,2.0,0.0,2.0,2544.0,2747.0,1610612739.0,21500527,1,0,1
"(2927,)",0.0,14.0,0.0,2.0,2.0,2.0,201567.0,203521.0,1610612739.0,21500527,1,1,1
"(2929,)",1.0,51.0,21.0,2.0,2.0,2.0,202684.0,203521.0,1610612739.0,21500527,1,1,1
"(2933,)",0.0,43.0,27.0,2.0,0.0,2.0,201567.0,2747.0,1610612739.0,21500527,1,0,1
"(2936,)",1.0,32.0,0.0,2.0,2.0,2.0,202681.0,203521.0,1610612739.0,21500527,2,1,1
"(2938,)",1.0,0.0,0.0,2.0,2.0,2.0,202681.0,-1.0,1610612739.0,21500527,2,1,1
"(2939,)",1.0,63.0,54.0,3.0,0.0,3.0,202697.0,2210.0,1610612739.0,21500527,2,0,1
"(2941,)",1.0,50.0,41.0,2.0,2.0,2.0,202684.0,2544.0,1610612739.0,21500527,2,1,1
"(2943,)",0.0,75.0,49.0,2.0,2.0,2.0,2544.0,2747.0,1610612739.0,21500527,2,1,1
"(2945,)",0.0,56.0,47.0,3.0,0.0,3.0,2544.0,203521.0,1610612739.0,21500527,2,0,1
"(2949,)",1.0,75.0,24.0,2.0,2.0,2.0,2544.0,202697.0,1610612739.0,21500527,2,1,1
"(2952,)",1.0,89.0,71.0,3.0,0.0,3.0,202697.0,201567.0,1610612739.0,21500527,2,0,1
"(2955,)",0.0,116.0,21.0,2.0,2.0,2.0,201567.0,202684.0,1610612739.0,21500527,3,1,1
"(2957,)",0.0,170.0,40.0,3.0,3.0,3.0,2544.0,202681.0,1610612739.0,21500527,3,1,1
"(2962,)",0.0,24.0,0.0,3.0,3.0,3.0,2544.0,202681.0,1610612739.0,21500527,3,1,1
"(2963,)",0.0,60.0,37.0,3.0,0.0,3.0,2544.0,201567.0,1610612739.0,21500527,3,0,1
"(2965,)",0.0,45.0,22.0,2.0,2.0,2.0,202681.0,2544.0,1610612739.0,21500527,3,1,1
"(2966,)",0.0,94.0,57.0,3.0,0.0,3.0,2747.0,201567.0,1610612739.0,21500527,3,0,1
"(2968,)",1.0,43.0,0.0,2.0,0.0,2.0,201567.0,202681.0,1610612739.0,21500527,3,0,1
"(2972,)",1.0,76.0,32.0,3.0,0.0,3.0,2747.0,2544.0,1610612739.0,21500527,3,0,1
"(2974,)",0.0,93.0,74.0,2.0,0.0,2.0,203521.0,202684.0,1610612739.0,21500527,3,0,1
"(2975,)",1.0,0.0,0.0,2.0,0.0,2.0,2544.0,-1.0,1610612739.0,21500527,3,0,1
"(2976,)",0.0,0.0,0.0,2.0,0.0,2.0,203521.0,-1.0,1610612739.0,21500527,3,0,1
"(2977,)",0.0,29.0,6.0,2.0,2.0,2.0,2747.0,202697.0,1610612739.0,21500527,3,1,1
"(2979,)",0.0,0.0,0.0,3.0,0.0,3.0,2544.0,-1.0,1610612739.0,21500527,3,0,1
"(2981,)",0.0,58.0,38.0,3.0,0.0,3.0,203521.0,201567.0,1610612739.0,21500527,3,0,1
"(2983,)",1.0,154.0,143.0,3.0,0.0,3.0,202066.0,201162.0,1610612739.0,21500527,4,0,1
"(2984,)",1.0,0.0,0.0,2.0,2.0,2.0,202681.0,-1.0,1610612739.0,21500527,4,1,1
"(2986,)",0.0,11.0,0.0,2.0,2.0,2.0,2747.0,202681.0,1610612739.0,21500527,4,1,1
"(2990,)",0.0,58.0,0.0,0.0,0.0,3.0,203490.0,201196.0,1610612739.0,21500527,4,0,0
"(2991,)",0.0,0.0,0.0,3.0,0.0,3.0,202681.0,-1.0,1610612739.0,21500527,4,0,1
"(2993,)",1.0,40.0,0.0,2.0,2.0,2.0,2544.0,202681.0,1610612739.0,21500527,4,1,1
"(2994,)",0.0,174.0,149.0,2.0,2.0,2.0,203490.0,202322.0,1610612739.0,21500527,4,1,1
"(2997,)",0.0,149.0,0.0,2.0,2.0,2.0,202681.0,202681.0,1610612739.0,21500527,4,1,1
"(2998,)",0.0,0.0,0.0,2.0,2.0,2.0,202681.0,-1.0,1610612739.0,21500527,4,1,1
"(3002,)",0.0,0.0,0.0,3.0,3.0,3.0,202322.0,-1.0,1610612739.0,21500527,4,1,1
"(3003,)",0.0,0.0,0.0,0.0,0.0,2.0,2544.0,-1.0,1610612739.0,21500527,4,0,0
"(4106,)",0.0,66.0,44.0,2.0,2.0,2.0,202681.0,2544.0,1610612739.0,21500543,1,1,1
"(4107,)",0.0,104.0,69.0,2.0,2.0,2.0,2747.0,202684.0,1610612739.0,21500543,1,1,1
"(4108,)",1.0,0.0,0.0,2.0,2.0,2.0,202681.0,-1.0,1610612739.0,21500543,1,1,1
"(4113,)",0.0,33.0,21.0,3.0,0.0,3.0,202681.0,202697.0,1610612739.0,21500543,2,0,1
"(4116,)",0.0,34.0,0.0,2.0,0.0,2.0,202389.0,202681.0,1610612739.0,21500543,2,0,1
"(4117,)",1.0,23.0,8.0,2.0,0.0,2.0,2755.0,203476.0,1610612739.0,21500543,2,0,1
"(4119,)",0.0,109.0,77.0,3.0,0.0,2.0,202389.0,2210.0,1610612739.0,21500543,2,0,1
"(4122,)",1.0,38.0,0.0,2.0,2.0,2.0,201567.0,202681.0,1610612739.0,21500543,2,1,1
"(4124,)",1.0,110.0,35.0,2.0,0.0,2.0,202697.0,2544.0,1610612739.0,21500543,2,0,1
"(4125,)",0.0,80.0,41.0,2.0,0.0,2.0,2544.0,201567.0,1610612739.0,21500543,2,0,1
"(4128,)",1.0,89.0,71.0,2.0,0.0,2.0,201567.0,2544.0,1610612739.0,21500543,2,0,1
"(4129,)",0.0,71.0,39.0,3.0,0.0,3.0,2747.0,2544.0,1610612739.0,21500543,2,0,1
"(4131,)",1.0,89.0,62.0,3.0,3.0,3.0,2747.0,203521.0,1610612739.0,21500543,2,1,1
"(4132,)",1.0,33.0,16.0,2.0,0.0,2.0,201593.0,203952.0,1610612739.0,21500543,2,0,1
"(4135,)",0.0,155.0,125.0,2.0,0.0,2.0,202697.0,201567.0,1610612739.0,21500543,2,0,1
"(4136,)",1.0,59.0,0.0,2.0,2.0,2.0,2747.0,202681.0,1610612739.0,21500543,3,1,1
"(4139,)",1.0,136.0,129.0,2.0,2.0,2.0,2544.0,2747.0,1610612739.0,21500543,3,1,1
"(4141,)",0.0,59.0,41.0,2.0,0.0,2.0,201567.0,2544.0,1610612739.0,21500543,3,0,1
"(4143,)",1.0,73.0,40.0,2.0,2.0,2.0,2747.0,2544.0,1610612739.0,21500543,3,1,1
"(4147,)",1.0,60.0,0.0,2.0,2.0,2.0,202684.0,2544.0,1610612739.0,21500543,3,1,1
"(4150,)",0.0,48.0,0.0,0.0,0.0,2.0,202681.0,202681.0,1610612739.0,21500543,3,0,0
"(4151,)",1.0,38.0,28.0,3.0,3.0,3.0,203498.0,203476.0,1610612739.0,21500543,3,1,1
"(4154,)",1.0,50.0,19.0,3.0,0.0,3.0,202697.0,2544.0,1610612739.0,21500543,3,0,1
"(4158,)",0.0,0.0,0.0,2.0,0.0,2.0,202681.0,-1.0,1610612739.0,21500543,4,0,1
"(4161,)",1.0,89.0,48.0,0.0,0.0,3.0,2544.0,203521.0,1610612739.0,21500543,4,0,0
"(4162,)",1.0,111.0,86.0,2.0,2.0,2.0,202697.0,2544.0,1610612739.0,21500543,4,1,1
"(4163,)",1.0,182.0,159.0,3.0,3.0,3.0,202697.0,202681.0,1610612739.0,21500543,4,1,1
"(4166,)",0.0,88.0,73.0,3.0,0.0,2.0,2544.0,202681.0,1610612739.0,21500543,4,0,1
"(4168,)",1.0,39.0,0.0,2.0,2.0,2.0,202697.0,202681.0,1610612739.0,21500543,4,1,1
"(4171,)",0.0,58.0,31.0,3.0,0.0,3.0,202697.0,202389.0,1610612739.0,21500543,4,0,1
"(4173,)",0.0,65.0,49.0,2.0,2.0,2.0,203099.0,2592.0,1610612739.0,21500543,4,1,1
"(4176,)",1.0,86.0,75.0,2.0,2.0,2.0,202697.0,2592.0,1610612739.0,21500543,4,1,1
"(4177,)",0.0,47.0,0.0,2.0,2.0,2.0,202697.0,2210.0,1610612739.0,21500543,4,1,1
"(4179,)",0.0,64.0,57.0,3.0,0.0,3.0,2210.0,203099.0,1610612739.0,21500543,4,0,1
"(5715,)",1.0,10.0,0.0,3.0,3.0,3.0,2544.0,202681.0,1610612739.0,21500559,1,1,1
"(5716,)",0.0,46.0,0.0,2.0,2.0,2.0,201567.0,2544.0,1610612739.0,21500559,1,1,1
"(5723,)",0.0,51.0,9.0,3.0,0.0,3.0,2747.0,201567.0,1610612739.0,21500559,1,0,1
"(5724,)",0.0,31.0,0.0,2.0,0.0,2.0,202681.0,2544.0,1610612739.0,21500559,1,0,1
"(5726,)",1.0,101.0,75.0,0.0,0.0,2.0,201567.0,2747.0,1610612739.0,21500559,1,0,0
"(5728,)",1.0,133.0,125.0,3.0,3.0,3.0,2747.0,2544.0,1610612739.0,21500559,1,1,1
"(5732,)",1.0,52.0,41.0,2.0,2.0,2.0,201567.0,2544.0,1610612739.0,21500559,1,1,1
"(5735,)",1.0,123.0,0.0,3.0,0.0,3.0,202697.0,202697.0,1610612739.0,21500559,1,0,1
"(5739,)",1.0,0.0,0.0,2.0,2.0,2.0,203521.0,-1.0,1610612739.0,21500559,2,1,1
"(5742,)",0.0,24.0,0.0,2.0,0.0,2.0,203521.0,202681.0,1610612739.0,21500559,2,0,1
"(5744,)",1.0,42.0,17.0,2.0,2.0,2.0,2210.0,2544.0,1610612739.0,21500559,2,1,1
"(5746,)",0.0,69.0,58.0,2.0,0.0,2.0,2544.0,202684.0,1610612739.0,21500559,2,0,1
"(5748,)",1.0,63.0,10.0,3.0,0.0,3.0,2747.0,2544.0,1610612739.0,21500559,2,0,1
"(5750,)",1.0,64.0,48.0,3.0,0.0,3.0,203917.0,201171.0,1610612739.0,21500559,2,0,1
"(5752,)",0.0,86.0,49.0,0.0,0.0,2.0,2544.0,202389.0,1610612739.0,21500559,2,0,0
"(5753,)",1.0,93.0,50.0,0.0,0.0,3.0,2747.0,203521.0,1610612739.0,21500559,2,0,0
"(5755,)",1.0,6.0,0.0,2.0,2.0,3.0,2544.0,2747.0,1610612739.0,21500559,2,1,1
"(5756,)",1.0,85.0,64.0,3.0,0.0,3.0,202389.0,203521.0,1610612739.0,21500559,2,0,1
"(5758,)",0.0,37.0,4.0,3.0,0.0,3.0,2747.0,2544.0,1610612739.0,21500559,3,0,1
"(5760,)",0.0,103.0,96.0,2.0,2.0,2.0,202681.0,2544.0,1610612739.0,21500559,3,1,1
"(5762,)",0.0,83.0,61.0,3.0,0.0,3.0,201567.0,202684.0,1610612739.0,21500559,3,0,1
"(5764,)",1.0,29.0,0.0,2.0,0.0,2.0,2747.0,202681.0,1610612739.0,21500559,3,0,1
"(5767,)",0.0,59.0,48.0,2.0,2.0,2.0,2544.0,202684.0,1610612739.0,21500559,3,1,1
"(5770,)",0.0,161.0,154.0,3.0,0.0,3.0,203521.0,202697.0,1610612739.0,21500559,3,0,1
"(5771,)",1.0,155.0,120.0,2.0,2.0,3.0,2544.0,2210.0,1610612739.0,21500559,3,1,1
"(5772,)",1.0,87.0,12.0,0.0,0.0,3.0,203521.0,2544.0,1610612739.0,21500559,3,0,0
"(5774,)",0.0,125.0,35.0,2.0,2.0,2.0,202697.0,2210.0,1610612739.0,21500559,4,1,1
"(5777,)",1.0,0.0,0.0,2.0,2.0,2.0,202681.0,-1.0,1610612739.0,21500559,4,1,1
"(5781,)",1.0,40.0,0.0,3.0,3.0,3.0,2544.0,202681.0,1610612739.0,21500559,4,1,1
"(5784,)",0.0,55.0,0.0,2.0,2.0,2.0,2544.0,202681.0,1610612739.0,21500559,4,1,1
"(5787,)",0.0,87.0,0.0,2.0,0.0,2.0,2544.0,2747.0,1610612739.0,21500559,4,0,1
"(5788,)",1.0,93.0,70.0,3.0,0.0,3.0,2747.0,2544.0,1610612739.0,21500559,4,0,1
"(5789,)",0.0,32.0,0.0,2.0,0.0,2.0,2747.0,2544.0,1610612739.0,21500559,4,0,1
"(5790,)",0.0,52.0,0.0,3.0,0.0,3.0,2544.0,203521.0,1610612739.0,21500559,4,0,1
"(6741,)",1.0,67.0,0.0,3.0,0.0,3.0,201567.0,202681.0,1610612739.0,21500575,1,0,1
"(6745,)",1.0,68.0,49.0,3.0,3.0,3.0,2544.0,202684.0,1610612739.0,21500575,1,1,1
"(6747,)",1.0,52.0,27.0,3.0,0.0,3.0,201567.0,202681.0,1610612739.0,21500575,1,0,1
"(6750,)",1.0,49.0,40.0,0.0,0.0,2.0,202718.0,1717.0,1610612739.0,21500575,1,0,0
"(6752,)",1.0,112.0,71.0,2.0,0.0,2.0,202681.0,2544.0,1610612739.0,21500575,1,0,1
"(6753,)",1.0,18.0,0.0,2.0,0.0,2.0,202681.0,2544.0,1610612739.0,21500575,1,0,1
"(6754,)",0.0,15.0,0.0,2.0,0.0,2.0,201567.0,2544.0,1610612739.0,21500575,1,0,1
"(6756,)",1.0,69.0,0.0,3.0,3.0,3.0,201567.0,2544.0,1610612739.0,21500575,1,1,1
"(6759,)",0.0,82.0,59.0,3.0,3.0,2.0,2544.0,203521.0,1610612739.0,21500575,1,1,1
"(6760,)",0.0,62.0,0.0,3.0,3.0,3.0,2747.0,2544.0,1610612739.0,21500575,1,1,1
"(6762,)",0.0,55.0,24.0,2.0,0.0,2.0,2544.0,2747.0,1610612739.0,21500575,1,0,1
"(6764,)",0.0,73.0,19.0,0.0,0.0,2.0,2734.0,202718.0,1610612739.0,21500575,2,0,0
"(6766,)",0.0,130.0,117.0,3.0,0.0,3.0,202697.0,202389.0,1610612739.0,21500575,2,0,1
"(6769,)",1.0,45.0,0.0,2.0,2.0,2.0,201567.0,202681.0,1610612739.0,21500575,2,1,1
"(6774,)",1.0,92.0,51.0,3.0,3.0,3.0,2544.0,202681.0,1610612739.0,21500575,2,1,1
"(6777,)",1.0,99.0,69.0,3.0,3.0,3.0,203521.0,2544.0,1610612739.0,21500575,2,1,1
"(6778,)",0.0,54.0,31.0,2.0,2.0,2.0,2747.0,2544.0,1610612739.0,21500575,2,1,1
"(6780,)",0.0,59.0,35.0,2.0,2.0,2.0,202681.0,2747.0,1610612739.0,21500575,3,1,1
"(6781,)",1.0,79.0,65.0,3.0,0.0,3.0,202681.0,201567.0,1610612739.0,21500575,3,0,1
"(6783,)",1.0,62.0,24.0,3.0,0.0,3.0,201567.0,2544.0,1610612739.0,21500575,3,0,1
"(6785,)",0.0,59.0,0.0,0.0,0.0,3.0,2544.0,202681.0,1610612739.0,21500575,3,0,0
"(6792,)",0.0,71.0,64.0,2.0,2.0,2.0,2747.0,2210.0,1610612739.0,21500575,3,1,1
"(6794,)",1.0,0.0,0.0,2.0,2.0,2.0,203521.0,-1.0,1610612739.0,21500575,3,1,1
"(6795,)",0.0,38.0,0.0,2.0,0.0,2.0,2544.0,203521.0,1610612739.0,21500575,3,0,1
"(6797,)",0.0,0.0,0.0,2.0,0.0,2.0,203521.0,-1.0,1610612739.0,21500575,3,0,1
"(6799,)",0.0,64.0,49.0,3.0,3.0,2.0,202681.0,203521.0,1610612739.0,21500575,4,1,1
"(6800,)",1.0,102.0,86.0,2.0,2.0,2.0,202389.0,203521.0,1610612739.0,21500575,4,1,1
"(6803,)",1.0,8.0,0.0,2.0,2.0,2.0,202681.0,-1.0,1610612739.0,21500575,4,1,1
"(6804,)",1.0,85.0,61.0,3.0,0.0,2.0,202697.0,2544.0,1610612739.0,21500575,4,0,1
"(6806,)",1.0,125.0,60.0,3.0,0.0,3.0,201567.0,202681.0,1610612739.0,21500575,4,0,1
"(6808,)",0.0,0.0,0.0,2.0,0.0,2.0,2544.0,-1.0,1610612739.0,21500575,4,0,1
"(6809,)",0.0,0.0,0.0,2.0,0.0,2.0,2544.0,-1.0,1610612739.0,21500575,4,0,1
"(6811,)",1.0,124.0,0.0,3.0,3.0,3.0,201567.0,202681.0,1610612739.0,21500575,5,1,1
"(8409,)",1.0,78.0,29.0,2.0,2.0,2.0,202389.0,202681.0,1610612739.0,21500601,1,1,1
"(8411,)",0.0,44.0,21.0,2.0,2.0,2.0,2747.0,201567.0,1610612739.0,21500601,1,1,1
"(8412,)",1.0,66.0,36.0,3.0,0.0,3.0,2544.0,201567.0,1610612739.0,21500601,1,0,1
"(8413,)",0.0,100.0,78.0,3.0,3.0,3.0,2747.0,2544.0,1610612739.0,21500601,1,1,1
"(8414,)",0.0,28.0,0.0,2.0,0.0,2.0,201567.0,202681.0,1610612739.0,21500601,1,0,1
"(8416,)",1.0,63.0,56.0,3.0,0.0,3.0,201567.0,2747.0,1610612739.0,21500601,1,0,1
"(8420,)",1.0,107.0,55.0,3.0,0.0,3.0,203093.0,201951.0,1610612739.0,21500601,1,0,1
"(8421,)",0.0,158.0,0.0,0.0,0.0,2.0,203093.0,201935.0,1610612739.0,21500601,1,0,0
"(8422,)",0.0,53.0,34.0,2.0,2.0,3.0,202697.0,202684.0,1610612739.0,21500601,2,1,1
"(8427,)",1.0,78.0,39.0,2.0,0.0,2.0,201567.0,2544.0,1610612739.0,21500601,2,0,1
"(8428,)",1.0,107.0,66.0,2.0,2.0,2.0,203991.0,201976.0,1610612739.0,21500601,2,1,1
"(8429,)",0.0,0.0,0.0,2.0,2.0,2.0,202681.0,-1.0,1610612739.0,21500601,2,1,1
"(8434,)",1.0,38.0,0.0,2.0,2.0,2.0,2772.0,201935.0,1610612739.0,21500601,3,1,1
"(8435,)",1.0,67.0,59.0,2.0,2.0,2.0,202681.0,2544.0,1610612739.0,21500601,3,1,1
"(8436,)",0.0,54.0,16.0,3.0,0.0,3.0,202681.0,201567.0,1610612739.0,21500601,3,0,1
"(8439,)",1.0,30.0,0.0,2.0,2.0,2.0,202389.0,202681.0,1610612739.0,21500601,3,1,1
"(8440,)",1.0,46.0,0.0,3.0,0.0,3.0,202697.0,202681.0,1610612739.0,21500601,3,0,1
"(8441,)",1.0,123.0,77.0,3.0,3.0,3.0,2747.0,2544.0,1610612739.0,21500601,3,1,1
"(8443,)",1.0,47.0,18.0,3.0,0.0,3.0,2747.0,202697.0,1610612739.0,21500601,3,0,1
"(8444,)",0.0,78.0,51.0,0.0,0.0,2.0,202697.0,201567.0,1610612739.0,21500601,3,0,0
"(8448,)",0.0,40.0,0.0,2.0,2.0,2.0,202681.0,202681.0,1610612739.0,21500601,4,1,1
"(8449,)",0.0,0.0,0.0,2.0,2.0,2.0,202681.0,-1.0,1610612739.0,21500601,4,1,1
"(8453,)",1.0,0.0,0.0,2.0,2.0,2.0,202681.0,-1.0,1610612739.0,21500601,4,1,1
"(8456,)",0.0,119.0,0.0,3.0,0.0,3.0,202681.0,2544.0,1610612739.0,21500601,4,0,1
"(8464,)",1.0,5.0,0.0,3.0,0.0,3.0,202697.0,-1.0,1610612739.0,21500601,4,0,1
"(9241,)",1.0,62.0,54.0,3.0,0.0,3.0,2544.0,2747.0,1610612739.0,21500622,1,0,1
"(9242,)",1.0,42.0,0.0,3.0,0.0,3.0,203110.0,201939.0,1610612739.0,21500622,1,0,1
"(9244,)",1.0,104.0,97.0,3.0,3.0,3.0,203084.0,203110.0,1610612739.0,21500622,1,1,1
"(9245,)",0.0,48.0,0.0,2.0,0.0,2.0,2747.0,202681.0,1610612739.0,21500622,1,0,1
"(9247,)",1.0,67.0,42.0,2.0,2.0,2.0,2544.0,203521.0,1610612739.0,21500622,1,1,1
"(9248,)",0.0,4.0,0.0,2.0,2.0,2.0,2747.0,-1.0,1610612739.0,21500622,1,1,1
"(9250,)",0.0,55.0,15.0,2.0,0.0,2.0,203521.0,202684.0,1610612739.0,21500622,1,0,1
"(9254,)",0.0,63.0,33.0,2.0,0.0,2.0,2760.0,202681.0,1610612739.0,21500622,2,0,1
"(9255,)",1.0,121.0,67.0,0.0,0.0,2.0,2210.0,2544.0,1610612739.0,21500622,2,0,0
"(9257,)",0.0,44.0,0.0,3.0,3.0,3.0,203110.0,2738.0,1610612739.0,21500622,2,1,1
"(9258,)",0.0,44.0,31.0,2.0,0.0,2.0,2747.0,201567.0,1610612739.0,21500622,3,0,1
"(9260,)",1.0,92.0,85.0,2.0,0.0,2.0,2544.0,202389.0,1610612739.0,21500622,3,0,1
"(9261,)",1.0,130.0,123.0,2.0,0.0,2.0,202389.0,202681.0,1610612739.0,21500622,3,0,1
"(9263,)",0.0,43.0,0.0,2.0,2.0,2.0,2592.0,202681.0,1610612739.0,21500622,3,1,1
"(9264,)",0.0,0.0,0.0,2.0,0.0,2.0,203521.0,-1.0,1610612739.0,21500622,3,0,1
"(9265,)",1.0,168.0,118.0,3.0,3.0,2.0,203521.0,2544.0,1610612739.0,21500622,3,1,1
"(9266,)",1.0,0.0,0.0,3.0,3.0,3.0,201939.0,-1.0,1610612739.0,21500622,3,1,1
"(9267,)",0.0,67.0,0.0,3.0,0.0,3.0,201939.0,201939.0,1610612739.0,21500622,3,0,1
"(9269,)",0.0,38.0,0.0,0.0,0.0,3.0,202697.0,203521.0,1610612739.0,21500622,4,0,0
"(9273,)",1.0,107.0,0.0,2.0,2.0,2.0,203099.0,203521.0,1610612739.0,21500622,4,1,1
"(9276,)",0.0,122.0,12.0,3.0,0.0,3.0,2592.0,2760.0,1610612739.0,21500622,4,0,1
"(12785,)",0.0,13.0,0.0,2.0,0.0,2.0,2747.0,2544.0,1610612739.0,21500011,1,0,1
"(12786,)",0.0,0.0,0.0,0.0,0.0,2.0,2590.0,-1.0,1610612739.0,21500011,1,0,0
"(12787,)",1.0,137.0,105.0,2.0,0.0,2.0,202389.0,2590.0,1610612739.0,21500011,1,0,1
"(12790,)",0.0,0.0,0.0,3.0,3.0,3.0,2590.0,-1.0,1610612739.0,21500011,1,1,1
"(12792,)",0.0,78.0,53.0,2.0,0.0,2.0,2544.0,2747.0,1610612739.0,21500011,1,0,1
"(12796,)",0.0,67.0,25.0,2.0,0.0,2.0,202389.0,2747.0,1610612739.0,21500011,1,0,1
"(12799,)",1.0,59.0,0.0,3.0,3.0,3.0,201567.0,2590.0,1610612739.0,21500011,1,1,1
"(12802,)",0.0,0.0,0.0,0.0,0.0,2.0,2590.0,-1.0,1610612739.0,21500011,1,0,0
"(12805,)",1.0,71.0,0.0,0.0,0.0,2.0,202389.0,203521.0,1610612739.0,21500011,1,0,0
"(12807,)",0.0,112.0,54.0,3.0,0.0,3.0,2544.0,2760.0,1610612739.0,21500011,1,0,1
"(12811,)",1.0,58.0,42.0,2.0,2.0,2.0,2760.0,203521.0,1610612739.0,21500011,1,1,1
"(12816,)",0.0,77.0,33.0,2.0,2.0,2.0,203521.0,2760.0,1610612739.0,21500011,2,1,1
"(12819,)",1.0,59.0,43.0,2.0,2.0,2.0,201567.0,203521.0,1610612739.0,21500011,2,1,1
"(12820,)",1.0,105.0,82.0,2.0,2.0,2.0,2210.0,201567.0,1610612739.0,21500011,2,1,1
"(12822,)",1.0,65.0,23.0,0.0,0.0,2.0,202684.0,201567.0,1610612739.0,21500011,2,0,0
"(12824,)",1.0,14.0,0.0,2.0,2.0,2.0,203521.0,203099.0,1610612739.0,21500011,2,1,1
"(12826,)",0.0,123.0,94.0,2.0,0.0,2.0,201567.0,2544.0,1610612739.0,21500011,2,0,1
"(12832,)",0.0,58.0,0.0,2.0,2.0,2.0,202389.0,2544.0,1610612739.0,21500011,2,1,1
"(12834,)",0.0,65.0,0.0,3.0,3.0,3.0,201567.0,2544.0,1610612739.0,21500011,2,1,1
"(12835,)",0.0,50.0,0.0,2.0,0.0,2.0,2747.0,2544.0,1610612739.0,21500011,2,0,1
"(12836,)",0.0,69.0,0.0,3.0,0.0,3.0,2590.0,2544.0,1610612739.0,21500011,2,0,1
"(12839,)",1.0,67.0,0.0,3.0,0.0,3.0,202389.0,2590.0,1610612739.0,21500011,2,0,1
"(12841,)",1.0,124.0,72.0,3.0,3.0,3.0,2590.0,2747.0,1610612739.0,21500011,3,1,1
"(12846,)",1.0,58.0,0.0,2.0,2.0,2.0,2544.0,2590.0,1610612739.0,21500011,3,1,1
"(12848,)",1.0,78.0,68.0,3.0,0.0,3.0,2544.0,202389.0,1610612739.0,21500011,3,0,1
"(12850,)",0.0,91.0,53.0,2.0,2.0,2.0,201567.0,202389.0,1610612739.0,21500011,3,1,1
"(12852,)",0.0,37.0,27.0,2.0,2.0,2.0,2544.0,201567.0,1610612739.0,21500011,3,1,1
"(12854,)",0.0,85.0,79.0,3.0,0.0,3.0,203521.0,202389.0,1610612739.0,21500011,3,0,1
"(12855,)",1.0,16.0,0.0,2.0,0.0,2.0,202389.0,203521.0,1610612739.0,21500011,3,0,1
"(12857,)",0.0,63.0,46.0,0.0,0.0,2.0,202389.0,2747.0,1610612739.0,21500011,3,0,0
"(12858,)",1.0,117.0,105.0,3.0,3.0,3.0,203521.0,2747.0,1610612739.0,21500011,3,1,1
"(12861,)",1.0,116.0,81.0,3.0,3.0,3.0,2210.0,203521.0,1610612739.0,21500011,3,1,1
"(12866,)",0.0,41.0,0.0,2.0,0.0,3.0,2760.0,203521.0,1610612739.0,21500011,4,0,1
"(12870,)",1.0,33.0,22.0,0.0,0.0,2.0,2544.0,203521.0,1610612739.0,21500011,4,0,0
"(12873,)",1.0,108.0,29.0,3.0,0.0,3.0,2544.0,203521.0,1610612739.0,21500011,4,0,1
"(12874,)",1.0,124.0,68.0,3.0,0.0,3.0,201145.0,2757.0,1610612739.0,21500011,4,0,1
"(12875,)",0.0,86.0,75.0,3.0,0.0,2.0,2757.0,2216.0,1610612739.0,21500011,4,0,1
"(12876,)",0.0,33.0,4.0,0.0,0.0,2.0,202684.0,203099.0,1610612739.0,21500011,4,0,0
"(12878,)",0.0,93.0,82.0,0.0,0.0,3.0,2747.0,203099.0,1610612739.0,21500011,4,0,0
"(12880,)",1.0,150.0,36.0,0.0,0.0,2.0,2210.0,202684.0,1610612739.0,21500011,4,0,0
"(12882,)",1.0,33.0,0.0,2.0,0.0,2.0,2592.0,2747.0,1610612739.0,21500011,4,0,1
"(12883,)",1.0,17.0,0.0,3.0,0.0,3.0,201619.0,203099.0,1610612739.0,21500011,4,0,1
"(12886,)",0.0,114.0,85.0,3.0,3.0,3.0,203099.0,203925.0,1610612739.0,21500011,4,1,1
"(12889,)",0.0,37.0,0.0,2.0,2.0,2.0,2747.0,203099.0,1610612739.0,21500011,4,1,1
"(14381,)",1.0,74.0,39.0,3.0,0.0,3.0,2590.0,201567.0,1610612739.0,21500021,1,0,1
"(14383,)",1.0,33.0,0.0,2.0,2.0,2.0,2544.0,2747.0,1610612739.0,21500021,1,1,1
"(14385,)",0.0,46.0,0.0,3.0,0.0,2.0,201567.0,2747.0,1610612739.0,21500021,1,0,1
"(14391,)",0.0,47.0,16.0,2.0,2.0,2.0,2544.0,2590.0,1610612739.0,21500021,1,1,1
"(14392,)",1.0,52.0,0.0,0.0,0.0,2.0,202355.0,201609.0,1610612739.0,21500021,1,0,0
"(14393,)",0.0,107.0,97.0,2.0,2.0,2.0,2544.0,2747.0,1610612739.0,21500021,1,1,1
"(14397,)",0.0,64.0,0.0,2.0,0.0,2.0,2747.0,203521.0,1610612739.0,21500021,1,0,1
"(14399,)",0.0,0.0,0.0,2.0,2.0,2.0,203521.0,-1.0,1610612739.0,21500021,1,1,1
"(14400,)",1.0,104.0,70.0,2.0,0.0,2.0,2747.0,201567.0,1610612739.0,21500021,1,0,1
"(14402,)",0.0,0.0,0.0,0.0,0.0,2.0,203521.0,-1.0,1610612739.0,21500021,1,0,0
"(14404,)",1.0,92.0,67.0,3.0,0.0,3.0,2210.0,203521.0,1610612739.0,21500021,2,0,1
"(14408,)",0.0,47.0,0.0,2.0,0.0,2.0,2210.0,2544.0,1610612739.0,21500021,2,0,1
"(14409,)",0.0,76.0,63.0,2.0,0.0,2.0,203521.0,2210.0,1610612739.0,21500021,2,0,1
"(14411,)",1.0,49.0,38.0,3.0,0.0,3.0,2747.0,2544.0,1610612739.0,21500021,2,0,1
"(14415,)",0.0,20.0,0.0,0.0,0.0,2.0,2747.0,2590.0,1610612739.0,21500021,2,0,0
"(14417,)",0.0,2.0,0.0,2.0,2.0,2.0,2544.0,-1.0,1610612739.0,21500021,2,1,1
"(14420,)",1.0,0.0,0.0,2.0,0.0,2.0,2544.0,-1.0,1610612739.0,21500021,2,0,1
"(14423,)",0.0,88.0,24.0,2.0,0.0,2.0,2590.0,202389.0,1610612739.0,21500021,3,0,1
"(14424,)",1.0,33.0,0.0,2.0,2.0,2.0,2590.0,2590.0,1610612739.0,21500021,3,1,1
"(14425,)",1.0,8.0,0.0,2.0,2.0,2.0,2590.0,2590.0,1610612739.0,21500021,3,1,1
"(14427,)",0.0,129.0,22.0,2.0,0.0,2.0,2747.0,2544.0,1610612739.0,21500021,3,0,1
"(14428,)",1.0,165.0,120.0,2.0,2.0,2.0,201567.0,2590.0,1610612739.0,21500021,3,1,1
"(14429,)",0.0,50.0,0.0,3.0,0.0,3.0,2747.0,2590.0,1610612739.0,21500021,3,0,1
"(14431,)",1.0,57.0,39.0,2.0,2.0,2.0,202389.0,201567.0,1610612739.0,21500021,3,1,1
"(14433,)",1.0,99.0,85.0,0.0,0.0,3.0,2544.0,202389.0,1610612739.0,21500021,3,0,0
"(14437,)",0.0,0.0,0.0,0.0,0.0,3.0,201609.0,-1.0,1610612739.0,21500021,3,0,0
"(14438,)",1.0,75.0,0.0,2.0,2.0,2.0,2760.0,2760.0,1610612739.0,21500021,3,1,1
"(14439,)",1.0,28.0,0.0,2.0,2.0,2.0,203521.0,2590.0,1610612739.0,21500021,3,1,1
"(14441,)",0.0,18.0,3.0,3.0,0.0,3.0,203521.0,2760.0,1610612739.0,21500021,3,0,1
"(14443,)",1.0,37.0,0.0,2.0,0.0,2.0,2760.0,203521.0,1610612739.0,21500021,4,0,1
"(14446,)",0.0,83.0,44.0,2.0,0.0,2.0,2210.0,202684.0,1610612739.0,21500021,4,0,1
"(14447,)",1.0,0.0,0.0,2.0,2.0,2.0,203521.0,-1.0,1610612739.0,21500021,4,1,1
"(14448,)",0.0,129.0,45.0,2.0,0.0,2.0,201567.0,2210.0,1610612739.0,21500021,4,0,1
"(14450,)",0.0,0.0,0.0,2.0,2.0,2.0,2544.0,-1.0,1610612739.0,21500021,4,1,1
"(14454,)",0.0,45.0,19.0,0.0,0.0,3.0,2210.0,201619.0,1610612739.0,21500021,4,0,0
"(16080,)",0.0,88.0,39.0,0.0,0.0,2.0,2747.0,201567.0,1610612739.0,21500046,1,0,0
"(16084,)",0.0,0.0,0.0,0.0,0.0,2.0,2590.0,-1.0,1610612739.0,21500046,1,0,0
"(16085,)",1.0,42.0,0.0,3.0,0.0,3.0,201567.0,2590.0,1610612739.0,21500046,1,0,1
"(16087,)",1.0,52.0,25.0,2.0,2.0,2.0,201567.0,2544.0,1610612739.0,21500046,1,1,1
"(16089,)",1.0,37.0,25.0,2.0,0.0,2.0,202389.0,2544.0,1610612739.0,21500046,1,0,1
"(16092,)",0.0,18.0,0.0,0.0,0.0,2.0,202389.0,2590.0,1610612739.0,21500046,1,0,0
"(16093,)",0.0,0.0,0.0,3.0,3.0,3.0,2590.0,-1.0,1610612739.0,21500046,1,1,1
"(16094,)",0.0,22.0,0.0,2.0,2.0,2.0,202389.0,2590.0,1610612739.0,21500046,1,1,1
"(16096,)",1.0,63.0,12.0,3.0,0.0,3.0,201567.0,2210.0,1610612739.0,21500046,1,0,1
"(16097,)",1.0,71.0,59.0,3.0,0.0,3.0,2544.0,2210.0,1610612739.0,21500046,1,0,1
"(16099,)",0.0,89.0,70.0,2.0,0.0,2.0,2544.0,2210.0,1610612739.0,21500046,1,0,1
"(16102,)",0.0,0.0,0.0,0.0,0.0,3.0,203924.0,-1.0,1610612739.0,21500046,1,0,0
"(16103,)",1.0,63.0,1.0,2.0,2.0,2.0,202684.0,2760.0,1610612739.0,21500046,1,1,1
"(16104,)",0.0,27.0,12.0,2.0,0.0,2.0,2210.0,2760.0,1610612739.0,21500046,1,0,1
"(16105,)",1.0,56.0,29.0,3.0,0.0,3.0,2760.0,203099.0,1610612739.0,21500046,1,0,1
"(16106,)",0.0,56.0,24.0,0.0,0.0,2.0,2760.0,203521.0,1610612739.0,21500046,1,0,0
"(16109,)",0.0,96.0,42.0,0.0,0.0,2.0,202684.0,201567.0,1610612739.0,21500046,2,0,0
"(16112,)",1.0,0.0,0.0,2.0,2.0,2.0,2544.0,-1.0,1610612739.0,21500046,2,1,1
"(16119,)",0.0,98.0,67.0,3.0,0.0,3.0,203521.0,201567.0,1610612739.0,21500046,2,0,1
"(16120,)",0.0,57.0,0.0,3.0,3.0,3.0,2590.0,2544.0,1610612739.0,21500046,2,1,1
"(16122,)",1.0,55.0,0.0,2.0,2.0,2.0,2544.0,2590.0,1610612739.0,21500046,2,1,1
"(16133,)",0.0,83.0,41.0,2.0,2.0,2.0,2544.0,201567.0,1610612739.0,21500046,3,1,1
"(16137,)",1.0,105.0,93.0,0.0,0.0,2.0,201567.0,2590.0,1610612739.0,21500046,3,0,0
"(16140,)",0.0,25.0,0.0,2.0,2.0,2.0,202684.0,2590.0,1610612739.0,21500046,3,1,1
"(16143,)",0.0,107.0,0.0,0.0,0.0,2.0,2210.0,2590.0,1610612739.0,21500046,3,0,0
"(16145,)",1.0,40.0,0.0,3.0,3.0,3.0,2592.0,203521.0,1610612739.0,21500046,3,1,1
"(16147,)",0.0,111.0,0.0,2.0,0.0,2.0,203099.0,203521.0,1610612739.0,21500046,3,0,1
"(16149,)",1.0,42.0,35.0,3.0,0.0,3.0,2592.0,2544.0,1610612739.0,21500046,3,0,1
"(16151,)",0.0,0.0,0.0,2.0,2.0,2.0,203521.0,-1.0,1610612739.0,21500046,4,1,1
"(16153,)",0.0,90.0,0.0,2.0,0.0,2.0,2544.0,2210.0,1610612739.0,21500046,4,0,1
"(16155,)",1.0,0.0,0.0,2.0,0.0,2.0,2544.0,-1.0,1610612739.0,21500046,4,0,1
"(16164,)",1.0,86.0,76.0,0.0,0.0,2.0,202389.0,2592.0,1610612739.0,21500046,4,0,0
"(16166,)",1.0,53.0,0.0,3.0,0.0,3.0,203925.0,203521.0,1610612739.0,21500046,4,0,1
"(16170,)",0.0,17.0,0.0,2.0,2.0,2.0,203521.0,203925.0,1610612739.0,21500046,4,1,1
"(17488,)",0.0,45.0,0.0,2.0,0.0,2.0,2544.0,2590.0,1610612739.0,21500063,1,0,1
"(17489,)",1.0,99.0,63.0,2.0,0.0,2.0,202389.0,201567.0,1610612739.0,21500063,1,0,1
"(17496,)",0.0,129.0,63.0,3.0,0.0,3.0,2210.0,2544.0,1610612739.0,21500063,1,0,1
"(17498,)",0.0,45.0,22.0,3.0,0.0,2.0,2544.0,202389.0,1610612739.0,21500063,1,0,1
"(17499,)",0.0,61.0,13.0,3.0,0.0,3.0,2590.0,2544.0,1610612739.0,21500063,1,0,1
"(17501,)",0.0,0.0,0.0,2.0,0.0,2.0,2590.0,-1.0,1610612739.0,21500063,1,0,1
"(17503,)",0.0,90.0,48.0,3.0,0.0,3.0,2544.0,203521.0,1610612739.0,21500063,1,0,1
"(17508,)",0.0,124.0,82.0,3.0,0.0,3.0,2592.0,2590.0,1610612739.0,21500063,1,0,1
"(17510,)",1.0,86.0,65.0,0.0,0.0,2.0,202684.0,2760.0,1610612739.0,21500063,2,0,0
"(17513,)",0.0,17.0,0.0,2.0,2.0,2.0,201567.0,2210.0,1610612739.0,21500063,2,1,1
"(17516,)",1.0,86.0,43.0,2.0,0.0,2.0,202389.0,203521.0,1610612739.0,21500063,2,0,1
"(17519,)",0.0,0.0,0.0,2.0,0.0,2.0,2590.0,-1.0,1610612739.0,21500063,2,0,1
"(17520,)",0.0,0.0,0.0,2.0,0.0,2.0,2590.0,-1.0,1610612739.0,21500063,2,0,1
"(17521,)",1.0,75.0,47.0,3.0,0.0,3.0,2210.0,203521.0,1610612739.0,21500063,2,0,1
"(17523,)",1.0,59.0,44.0,2.0,2.0,2.0,2544.0,2210.0,1610612739.0,21500063,3,1,1
"(17530,)",0.0,84.0,22.0,0.0,0.0,2.0,201577.0,204038.0,1610612739.0,21500063,3,0,0
"(17531,)",0.0,94.0,87.0,2.0,2.0,2.0,2590.0,202389.0,1610612739.0,21500063,3,1,1
"(17532,)",0.0,55.0,47.0,2.0,2.0,2.0,2590.0,202389.0,1610612739.0,21500063,3,1,1
"(17534,)",1.0,77.0,49.0,3.0,0.0,3.0,1626170.0,202498.0,1610612739.0,21500063,3,0,1
"(17541,)",0.0,24.0,4.0,2.0,0.0,2.0,2592.0,203521.0,1610612739.0,21500063,4,0,1
"(17543,)",1.0,20.0,0.0,2.0,2.0,2.0,202684.0,2590.0,1610612739.0,21500063,4,1,1
"(17547,)",0.0,47.0,0.0,3.0,0.0,2.0,2546.0,101181.0,1610612739.0,21500063,4,0,1
"(17549,)",0.0,31.0,19.0,2.0,2.0,2.0,203124.0,101181.0,1610612739.0,21500063,4,1,1
"(17551,)",0.0,0.0,0.0,3.0,3.0,3.0,2544.0,-1.0,1610612739.0,21500063,4,1,1
"(17554,)",0.0,54.0,37.0,2.0,0.0,2.0,2590.0,203521.0,1610612739.0,21500063,4,0,1
"(17558,)",0.0,44.0,0.0,2.0,0.0,2.0,204001.0,101181.0,1610612739.0,21500063,4,0,1
"(19032,)",0.0,49.0,1.0,3.0,3.0,3.0,201567.0,2544.0,1610612739.0,21500078,1,1,1
"(19033,)",0.0,42.0,0.0,3.0,3.0,3.0,201567.0,2544.0,1610612739.0,21500078,1,1,1
"(19034,)",0.0,0.0,0.0,0.0,0.0,2.0,204456.0,-1.0,1610612739.0,21500078,1,0,0
"(19035,)",1.0,124.0,98.0,2.0,2.0,3.0,201567.0,2544.0,1610612739.0,21500078,1,1,1
"(19039,)",0.0,0.0,0.0,2.0,2.0,2.0,2590.0,-1.0,1610612739.0,21500078,1,1,1
"(19040,)",1.0,25.0,20.0,2.0,2.0,2.0,2590.0,201567.0,1610612739.0,21500078,1,1,1
"(19041,)",1.0,49.0,42.0,0.0,0.0,2.0,203099.0,202389.0,1610612739.0,21500078,1,0,0
"(19042,)",1.0,46.0,0.0,2.0,2.0,2.0,202389.0,2590.0,1610612739.0,21500078,1,1,1
"(19043,)",0.0,40.0,0.0,2.0,0.0,2.0,2544.0,2590.0,1610612739.0,21500078,1,0,1
"(19046,)",0.0,70.0,31.0,0.0,0.0,3.0,1626158.0,203515.0,1610612739.0,21500078,1,0,0
"(19047,)",1.0,65.0,0.0,3.0,0.0,3.0,203138.0,203515.0,1610612739.0,21500078,1,0,1
"(19048,)",1.0,0.0,0.0,2.0,0.0,2.0,2544.0,-1.0,1610612739.0,21500078,1,0,1
"(19049,)",1.0,53.0,41.0,3.0,0.0,3.0,203138.0,203924.0,1610612739.0,21500078,1,0,1
"(19051,)",1.0,67.0,56.0,2.0,2.0,2.0,2210.0,2592.0,1610612739.0,21500078,2,1,1
"(19055,)",0.0,42.0,29.0,2.0,0.0,2.0,2544.0,201567.0,1610612739.0,21500078,2,0,1
"(19057,)",1.0,9.0,0.0,2.0,2.0,2.0,2544.0,201567.0,1610612739.0,21500078,2,1,1
"(19060,)",1.0,85.0,0.0,2.0,2.0,2.0,202389.0,2590.0,1610612739.0,21500078,2,1,1
"(19063,)",1.0,119.0,109.0,0.0,0.0,2.0,203521.0,2544.0,1610612739.0,21500078,2,0,0
"(19065,)",1.0,48.0,0.0,2.0,2.0,2.0,2590.0,2210.0,1610612739.0,21500078,2,1,1
"(19070,)",0.0,75.0,54.0,3.0,3.0,3.0,2544.0,201567.0,1610612739.0,21500078,3,1,1
"(19072,)",0.0,76.0,47.0,2.0,2.0,2.0,2590.0,202684.0,1610612739.0,21500078,3,1,1
"(19075,)",1.0,83.0,63.0,2.0,2.0,3.0,203521.0,2592.0,1610612739.0,21500078,3,1,1
"(19076,)",0.0,62.0,0.0,2.0,0.0,2.0,203521.0,2590.0,1610612739.0,21500078,3,0,1
"(19079,)",0.0,0.0,0.0,2.0,0.0,2.0,2590.0,-1.0,1610612739.0,21500078,3,0,1
"(19080,)",1.0,44.0,0.0,2.0,2.0,2.0,2210.0,2590.0,1610612739.0,21500078,3,1,1
"(19082,)",0.0,94.0,84.0,2.0,0.0,2.0,2544.0,2592.0,1610612739.0,21500078,4,0,1
"(19084,)",1.0,0.0,0.0,2.0,0.0,2.0,2544.0,-1.0,1610612739.0,21500078,4,0,1
"(19085,)",0.0,143.0,98.0,0.0,0.0,2.0,201567.0,2210.0,1610612739.0,21500078,4,0,0
"(19087,)",1.0,170.0,81.0,3.0,3.0,3.0,203521.0,201567.0,1610612739.0,21500078,4,1,1
"(19089,)",0.0,73.0,0.0,3.0,0.0,3.0,201567.0,2544.0,1610612739.0,21500078,4,0,1
"(19091,)",1.0,57.0,33.0,3.0,3.0,3.0,2210.0,203521.0,1610612739.0,21500078,4,1,1
"(19092,)",0.0,51.0,42.0,0.0,0.0,3.0,203521.0,2210.0,1610612739.0,21500078,4,0,0
"(19094,)",1.0,131.0,29.0,2.0,2.0,2.0,202684.0,2590.0,1610612739.0,21500078,4,1,1
"(19095,)",1.0,92.0,75.0,2.0,2.0,2.0,2590.0,203099.0,1610612739.0,21500078,4,1,1
"(19096,)",0.0,0.0,0.0,3.0,0.0,3.0,2590.0,-1.0,1610612739.0,21500078,4,0,1
"(20034,)",1.0,139.0,118.0,3.0,0.0,3.0,201567.0,2544.0,1610612739.0,21500094,1,0,1
"(20036,)",1.0,126.0,116.0,2.0,2.0,2.0,202389.0,201567.0,1610612739.0,21500094,1,1,1
"(20043,)",1.0,0.0,0.0,2.0,0.0,2.0,2544.0,-1.0,1610612739.0,21500094,1,0,1
"(20045,)",1.0,0.0,0.0,3.0,0.0,3.0,2590.0,-1.0,1610612739.0,21500094,1,0,1
"(20046,)",1.0,34.0,22.0,2.0,2.0,2.0,202684.0,203521.0,1610612739.0,21500094,1,1,1
"(20051,)",1.0,54.0,7.0,3.0,0.0,2.0,203521.0,2544.0,1610612739.0,21500094,1,0,1
"(20055,)",1.0,107.0,70.0,3.0,3.0,3.0,203099.0,203521.0,1610612739.0,21500094,1,1,1
"(20056,)",0.0,0.0,0.0,2.0,0.0,2.0,101145.0,-1.0,1610612739.0,21500094,1,0,1
"(20057,)",1.0,64.0,0.0,3.0,0.0,3.0,203099.0,203521.0,1610612739.0,21500094,2,0,1
"(20061,)",1.0,54.0,0.0,3.0,3.0,3.0,202389.0,203521.0,1610612739.0,21500094,2,1,1
"(20064,)",1.0,0.0,0.0,0.0,0.0,3.0,201588.0,-1.0,1610612739.0,21500094,2,0,0
"(20065,)",0.0,26.0,8.0,2.0,0.0,2.0,2544.0,201567.0,1610612739.0,21500094,2,0,1
"(20068,)",0.0,43.0,13.0,2.0,0.0,2.0,2590.0,202389.0,1610612739.0,21500094,2,0,1
"(20069,)",1.0,92.0,75.0,2.0,2.0,2.0,201588.0,202730.0,1610612739.0,21500094,2,1,1
"(20070,)",1.0,107.0,13.0,0.0,0.0,2.0,201567.0,2590.0,1610612739.0,21500094,2,0,0
"(20073,)",1.0,98.0,27.0,3.0,0.0,3.0,202684.0,2590.0,1610612739.0,21500094,2,0,1
"(20076,)",0.0,144.0,133.0,0.0,0.0,2.0,201567.0,202684.0,1610612739.0,21500094,2,0,0
"(20078,)",1.0,66.0,0.0,3.0,3.0,3.0,203521.0,2590.0,1610612739.0,21500094,2,1,1
"(20079,)",1.0,133.0,112.0,2.0,2.0,2.0,202684.0,203521.0,1610612739.0,21500094,2,1,1
"(20080,)",0.0,4.0,0.0,2.0,2.0,2.0,2544.0,-1.0,1610612739.0,21500094,2,1,1
"(20084,)",1.0,130.0,97.0,2.0,0.0,2.0,2590.0,201567.0,1610612739.0,21500094,3,0,1
"(20085,)",0.0,20.0,0.0,2.0,2.0,2.0,202389.0,2590.0,1610612739.0,21500094,3,1,1
"(20090,)",0.0,42.0,0.0,2.0,2.0,2.0,2544.0,2590.0,1610612739.0,21500094,3,1,1
"(20093,)",1.0,48.0,0.0,2.0,2.0,2.0,201567.0,2590.0,1610612739.0,21500094,3,1,1
"(20099,)",1.0,77.0,46.0,0.0,0.0,2.0,2544.0,201567.0,1610612739.0,21500094,3,0,0
"(20101,)",0.0,37.0,31.0,2.0,2.0,2.0,2544.0,203521.0,1610612739.0,21500094,3,1,1
"(20102,)",0.0,0.0,0.0,2.0,0.0,2.0,203521.0,-1.0,1610612739.0,21500094,3,0,1
"(20103,)",1.0,91.0,0.0,3.0,0.0,3.0,202389.0,2544.0,1610612739.0,21500094,3,0,1
"(20107,)",0.0,79.0,66.0,3.0,0.0,3.0,2210.0,202684.0,1610612739.0,21500094,4,0,1
"(20109,)",1.0,82.0,73.0,2.0,0.0,2.0,2210.0,201567.0,1610612739.0,21500094,4,0,1
"(20110,)",0.0,71.0,0.0,2.0,0.0,2.0,202730.0,201588.0,1610612739.0,21500094,4,0,1
"(20113,)",1.0,19.0,0.0,2.0,2.0,2.0,202331.0,201588.0,1610612739.0,21500094,4,1,1
"(20114,)",1.0,30.0,0.0,3.0,0.0,3.0,202684.0,2590.0,1610612739.0,21500094,4,0,1
"(20115,)",1.0,59.0,54.0,2.0,0.0,2.0,2210.0,202684.0,1610612739.0,21500094,4,0,1
"(20117,)",1.0,70.0,0.0,2.0,2.0,2.0,2590.0,2590.0,1610612739.0,21500094,4,1,1
"(20119,)",1.0,155.0,144.0,3.0,0.0,3.0,2210.0,203521.0,1610612739.0,21500094,4,0,1
"(20121,)",0.0,52.0,0.0,0.0,0.0,3.0,2210.0,2590.0,1610612739.0,21500094,4,0,0
"(20122,)",0.0,81.0,73.0,2.0,0.0,2.0,2590.0,202684.0,1610612739.0,21500094,4,0,1
"(20124,)",1.0,59.0,29.0,2.0,2.0,2.0,201567.0,2544.0,1610612739.0,21500094,4,1,1
"(20125,)",0.0,152.0,138.0,3.0,0.0,3.0,2544.0,201567.0,1610612739.0,21500094,4,0,1
"(20127,)",1.0,121.0,105.0,2.0,2.0,2.0,201567.0,2544.0,1610612739.0,21500094,4,1,1
"(21545,)",0.0,56.0,17.0,3.0,3.0,3.0,2590.0,2747.0,1610612739.0,21500106,1,1,1
"(21547,)",1.0,75.0,0.0,2.0,0.0,2.0,201567.0,2590.0,1610612739.0,21500106,1,0,1
"(21549,)",1.0,52.0,15.0,2.0,2.0,2.0,201567.0,202389.0,1610612739.0,21500106,1,1,1
"(21553,)",0.0,63.0,60.0,2.0,2.0,2.0,2590.0,202389.0,1610612739.0,21500106,1,1,1
"(21554,)",1.0,38.0,0.0,0.0,0.0,2.0,201567.0,2590.0,1610612739.0,21500106,1,0,0
"(21556,)",1.0,63.0,32.0,3.0,3.0,3.0,201567.0,2544.0,1610612739.0,21500106,1,1,1
"(21557,)",0.0,66.0,49.0,0.0,0.0,2.0,201567.0,2590.0,1610612739.0,21500106,1,0,0
"(21558,)",0.0,49.0,29.0,2.0,2.0,2.0,203521.0,2544.0,1610612739.0,21500106,1,1,1
"(21560,)",0.0,0.0,0.0,2.0,2.0,2.0,2590.0,-1.0,1610612739.0,21500106,1,1,1
"(21562,)",1.0,59.0,25.0,2.0,2.0,2.0,2760.0,203521.0,1610612739.0,21500106,1,1,1
"(21563,)",0.0,32.0,0.0,2.0,0.0,2.0,2760.0,203521.0,1610612739.0,21500106,1,0,1
"(21567,)",1.0,106.0,85.0,2.0,0.0,2.0,2760.0,203521.0,1610612739.0,21500106,2,0,1
"(21568,)",1.0,96.0,75.0,2.0,0.0,2.0,2760.0,203521.0,1610612739.0,21500106,2,0,1
"(21577,)",0.0,112.0,83.0,0.0,0.0,2.0,201567.0,2544.0,1610612739.0,21500106,2,0,0
"(21578,)",1.0,47.0,15.0,3.0,3.0,3.0,201567.0,2590.0,1610612739.0,21500106,2,1,1
"(21579,)",1.0,32.0,0.0,3.0,3.0,3.0,201567.0,2590.0,1610612739.0,21500106,2,1,1
"(21580,)",0.0,64.0,43.0,0.0,0.0,3.0,201567.0,2747.0,1610612739.0,21500106,2,0,0
"(21583,)",1.0,155.0,79.0,3.0,0.0,3.0,201567.0,2590.0,1610612739.0,21500106,2,0,1
"(21584,)",1.0,52.0,3.0,3.0,3.0,3.0,2590.0,202389.0,1610612739.0,21500106,2,1,1
"(21585,)",1.0,37.0,3.0,3.0,3.0,3.0,202692.0,203497.0,1610612739.0,21500106,2,1,1
"(21587,)",0.0,45.0,0.0,2.0,2.0,2.0,202324.0,203918.0,1610612739.0,21500106,2,1,1
"(21588,)",0.0,43.0,0.0,3.0,0.0,3.0,2544.0,2590.0,1610612739.0,21500106,2,0,1
"(21589,)",1.0,0.0,0.0,2.0,0.0,2.0,2544.0,-1.0,1610612739.0,21500106,2,0,1
"(21593,)",0.0,30.0,0.0,2.0,0.0,2.0,2544.0,2590.0,1610612739.0,21500106,3,0,1
"(21595,)",1.0,0.0,0.0,2.0,2.0,2.0,2544.0,-1.0,1610612739.0,21500106,3,1,1
"(21597,)",1.0,91.0,81.0,2.0,2.0,2.0,2544.0,2590.0,1610612739.0,21500106,3,1,1
"(21600,)",0.0,47.0,15.0,2.0,2.0,2.0,203521.0,2544.0,1610612739.0,21500106,3,1,1
"(21601,)",1.0,107.0,65.0,0.0,0.0,3.0,203497.0,202330.0,1610612739.0,21500106,3,0,0
"(21605,)",1.0,53.0,42.0,3.0,0.0,3.0,203504.0,202330.0,1610612739.0,21500106,3,0,1
"(21606,)",0.0,44.0,11.0,2.0,0.0,3.0,201567.0,2590.0,1610612739.0,21500106,3,0,1
"(21608,)",1.0,47.0,0.0,0.0,0.0,2.0,2590.0,203521.0,1610612739.0,21500106,3,0,0
"(21610,)",0.0,89.0,82.0,3.0,0.0,3.0,2210.0,2592.0,1610612739.0,21500106,3,0,1
"(21612,)",0.0,0.0,0.0,2.0,0.0,2.0,203521.0,-1.0,1610612739.0,21500106,4,0,1
"(21613,)",0.0,0.0,0.0,2.0,0.0,2.0,203521.0,-1.0,1610612739.0,21500106,4,0,1
"(21614,)",0.0,28.0,0.0,2.0,0.0,2.0,2747.0,203521.0,1610612739.0,21500106,4,0,1
"(21617,)",0.0,27.0,16.0,2.0,0.0,2.0,2544.0,201567.0,1610612739.0,21500106,4,0,1
"(21623,)",1.0,0.0,0.0,2.0,0.0,2.0,202330.0,-1.0,1610612739.0,21500106,4,0,1
"(21627,)",1.0,67.0,0.0,2.0,2.0,2.0,2544.0,2590.0,1610612739.0,21500106,4,1,1
"(21629,)",0.0,11.0,0.0,0.0,0.0,3.0,203497.0,203918.0,1610612739.0,21500106,4,0,0
"(23165,)",0.0,113.0,68.0,3.0,3.0,3.0,2747.0,201567.0,1610612739.0,21500130,1,1,1
"(23166,)",0.0,106.0,53.0,3.0,3.0,3.0,2747.0,201567.0,1610612739.0,21500130,1,1,1
"(23167,)",1.0,83.0,57.0,3.0,0.0,3.0,2544.0,201567.0,1610612739.0,21500130,1,0,1
"(23171,)",0.0,0.0,0.0,0.0,0.0,2.0,2590.0,-1.0,1610612739.0,21500130,1,0,0
"(23173,)",0.0,59.0,22.0,0.0,0.0,2.0,201567.0,202389.0,1610612739.0,21500130,1,0,0
"(23174,)",0.0,138.0,123.0,2.0,0.0,2.0,201577.0,204001.0,1610612739.0,21500130,1,0,1
"(23181,)",0.0,127.0,120.0,3.0,0.0,3.0,2592.0,203521.0,1610612739.0,21500130,1,0,1
"(23182,)",0.0,194.0,119.0,2.0,0.0,2.0,203521.0,2544.0,1610612739.0,21500130,1,0,1
"(23183,)",1.0,46.0,0.0,2.0,2.0,3.0,2544.0,203521.0,1610612739.0,21500130,1,1,1
"(23185,)",1.0,6.0,0.0,2.0,0.0,2.0,2544.0,203521.0,1610612739.0,21500130,1,0,1
"(23188,)",0.0,37.0,0.0,0.0,0.0,3.0,2544.0,203521.0,1610612739.0,21500130,2,0,0
"(23189,)",1.0,84.0,60.0,3.0,3.0,3.0,203521.0,2544.0,1610612739.0,21500130,2,1,1
"(23191,)",0.0,32.0,12.0,2.0,2.0,3.0,201567.0,203521.0,1610612739.0,21500130,2,1,1
"(23195,)",0.0,61.0,24.0,3.0,0.0,2.0,201567.0,2590.0,1610612739.0,21500130,2,0,1
"(23196,)",1.0,27.0,0.0,3.0,0.0,3.0,2590.0,2544.0,1610612739.0,21500130,2,0,1
"(23198,)",1.0,44.0,0.0,3.0,0.0,3.0,201567.0,2590.0,1610612739.0,21500130,2,0,1
"(23200,)",0.0,0.0,0.0,2.0,2.0,2.0,2590.0,-1.0,1610612739.0,21500130,2,1,1
"(23201,)",0.0,129.0,117.0,2.0,2.0,2.0,204001.0,2546.0,1610612739.0,21500130,2,1,1
"(23204,)",0.0,63.0,54.0,3.0,0.0,3.0,2747.0,202389.0,1610612739.0,21500130,2,0,1
"(23205,)",1.0,0.0,0.0,2.0,2.0,2.0,2747.0,-1.0,1610612739.0,21500130,2,1,1
"(23209,)",0.0,99.0,0.0,2.0,0.0,2.0,2590.0,2544.0,1610612739.0,21500130,2,0,1
"(23212,)",1.0,157.0,116.0,3.0,3.0,3.0,2590.0,2544.0,1610612739.0,21500130,3,1,1
"(23213,)",1.0,63.0,0.0,2.0,2.0,2.0,2544.0,2590.0,1610612739.0,21500130,3,1,1
"(23215,)",1.0,81.0,66.0,0.0,0.0,2.0,201567.0,202389.0,1610612739.0,21500130,3,0,0
"(23216,)",0.0,102.0,78.0,3.0,0.0,3.0,2747.0,2590.0,1610612739.0,21500130,3,0,1
"(23218,)",1.0,0.0,0.0,2.0,2.0,2.0,201567.0,-1.0,1610612739.0,21500130,3,1,1
"(23219,)",0.0,63.0,58.0,3.0,0.0,3.0,2546.0,201167.0,1610612739.0,21500130,3,0,1
"(23220,)",1.0,79.0,69.0,2.0,2.0,2.0,2544.0,2747.0,1610612739.0,21500130,3,1,1
"(23222,)",1.0,29.0,0.0,0.0,0.0,2.0,201567.0,2590.0,1610612739.0,21500130,3,0,0
"(23224,)",0.0,40.0,29.0,2.0,2.0,2.0,2590.0,2210.0,1610612739.0,21500130,3,1,1
"(23225,)",0.0,51.0,34.0,3.0,0.0,3.0,2590.0,202389.0,1610612739.0,21500130,3,0,1
"(23226,)",0.0,41.0,24.0,3.0,0.0,3.0,2590.0,202389.0,1610612739.0,21500130,3,0,1
"(23227,)",0.0,23.0,0.0,2.0,2.0,2.0,202684.0,2590.0,1610612739.0,21500130,3,1,1
"(23231,)",0.0,93.0,28.0,2.0,0.0,2.0,2544.0,202684.0,1610612739.0,21500130,3,0,1
"(23232,)",0.0,40.0,0.0,2.0,0.0,2.0,2544.0,203521.0,1610612739.0,21500130,3,0,1
"(23235,)",0.0,135.0,65.0,2.0,2.0,2.0,204038.0,1626170.0,1610612739.0,21500130,3,1,1
"(23236,)",0.0,168.0,40.0,3.0,0.0,3.0,2210.0,2544.0,1610612739.0,21500130,4,0,1
"(23239,)",0.0,104.0,89.0,2.0,0.0,2.0,201567.0,203521.0,1610612739.0,21500130,4,0,1
"(23241,)",1.0,1.0,0.0,2.0,0.0,2.0,2544.0,-1.0,1610612739.0,21500130,4,0,1
"(23243,)",1.0,168.0,102.0,3.0,0.0,3.0,203521.0,2544.0,1610612739.0,21500130,4,0,1
"(23249,)",1.0,94.0,65.0,3.0,0.0,3.0,203521.0,201567.0,1610612739.0,21500130,4,0,1
"(23251,)",1.0,138.0,96.0,0.0,0.0,2.0,2544.0,203521.0,1610612739.0,21500130,4,0,0
"(23956,)",1.0,110.0,48.0,2.0,0.0,2.0,202389.0,201567.0,1610612739.0,21500141,1,0,1
"(23963,)",1.0,26.0,7.0,0.0,0.0,2.0,201567.0,2747.0,1610612739.0,21500141,1,0,0
"(23965,)",1.0,46.0,5.0,2.0,2.0,2.0,201567.0,2210.0,1610612739.0,21500141,1,1,1
"(23966,)",0.0,57.0,25.0,2.0,2.0,2.0,201567.0,2747.0,1610612739.0,21500141,1,1,1
"(23967,)",1.0,29.0,0.0,2.0,0.0,2.0,202328.0,203487.0,1610612739.0,21500141,1,0,1
"(23969,)",1.0,28.0,0.0,2.0,0.0,2.0,201567.0,203521.0,1610612739.0,21500141,1,0,1
"(23970,)",1.0,53.0,47.0,3.0,3.0,3.0,201567.0,2747.0,1610612739.0,21500141,1,1,1
"(23975,)",1.0,147.0,111.0,2.0,2.0,2.0,202684.0,203521.0,1610612739.0,21500141,2,1,1
"(23976,)",0.0,43.0,0.0,2.0,2.0,2.0,2544.0,203521.0,1610612739.0,21500141,2,1,1
"(23977,)",0.0,35.0,0.0,2.0,2.0,2.0,2544.0,203521.0,1610612739.0,21500141,2,1,1
"(23982,)",1.0,115.0,73.0,0.0,0.0,3.0,201567.0,203521.0,1610612739.0,21500141,2,0,0
"(23989,)",1.0,69.0,55.0,2.0,0.0,2.0,203507.0,201573.0,1610612739.0,21500141,2,0,1
"(23993,)",0.0,48.0,31.0,2.0,2.0,2.0,203487.0,203953.0,1610612739.0,21500141,3,1,1
"(23997,)",1.0,79.0,68.0,3.0,0.0,3.0,2590.0,2747.0,1610612739.0,21500141,3,0,1
"(23998,)",0.0,27.0,0.0,2.0,0.0,2.0,2747.0,2544.0,1610612739.0,21500141,3,0,1
"(23999,)",0.0,45.0,0.0,2.0,2.0,2.0,202328.0,-1.0,1610612739.0,21500141,3,1,1
"(24000,)",0.0,102.0,89.0,0.0,0.0,2.0,202684.0,2544.0,1610612739.0,21500141,3,0,0
"(24002,)",0.0,131.0,121.0,3.0,3.0,3.0,2544.0,203521.0,1610612739.0,21500141,3,1,1
"(24006,)",1.0,0.0,0.0,0.0,0.0,2.0,203521.0,-1.0,1610612739.0,21500141,3,0,0
"(24009,)",0.0,24.0,0.0,2.0,0.0,2.0,2747.0,203099.0,1610612739.0,21500141,4,0,1
"(24010,)",1.0,0.0,0.0,0.0,0.0,3.0,203521.0,-1.0,1610612739.0,21500141,4,0,0
"(24012,)",0.0,55.0,31.0,3.0,0.0,3.0,202349.0,203507.0,1610612739.0,21500141,4,0,1
"(24019,)",0.0,119.0,106.0,3.0,0.0,2.0,2747.0,2590.0,1610612739.0,21500141,4,0,1
"(24021,)",0.0,0.0,0.0,3.0,0.0,3.0,2544.0,-1.0,1610612739.0,21500141,4,0,1
"(24023,)",1.0,64.0,0.0,2.0,2.0,2.0,201567.0,2544.0,1610612739.0,21500141,4,1,1
"(24026,)",0.0,0.0,0.0,2.0,2.0,2.0,2590.0,-1.0,1610612739.0,21500141,5,1,1
"(24034,)",1.0,161.0,32.0,0.0,0.0,2.0,201567.0,2544.0,1610612739.0,21500141,6,0,0
"(24036,)",0.0,52.0,11.0,0.0,0.0,2.0,2544.0,2210.0,1610612739.0,21500141,6,0,0
"(25716,)",0.0,25.0,11.0,0.0,0.0,3.0,2544.0,202389.0,1610612739.0,21500160,1,0,0
"(25717,)",0.0,17.0,3.0,0.0,0.0,3.0,2544.0,202389.0,1610612739.0,21500160,1,0,0
"(25720,)",0.0,57.0,0.0,3.0,0.0,3.0,2747.0,2590.0,1610612739.0,21500160,1,0,1
"(25725,)",1.0,30.0,20.0,2.0,2.0,2.0,2544.0,202389.0,1610612739.0,21500160,1,1,1
"(25728,)",1.0,85.0,62.0,0.0,0.0,2.0,202389.0,201567.0,1610612739.0,21500160,1,0,0
"(25729,)",1.0,85.0,62.0,0.0,0.0,2.0,202389.0,201567.0,1610612739.0,21500160,1,0,0
"(25731,)",1.0,45.0,0.0,3.0,3.0,3.0,101141.0,202704.0,1610612739.0,21500160,1,1,1
"(25734,)",1.0,76.0,35.0,2.0,0.0,2.0,202684.0,2544.0,1610612739.0,21500160,1,0,1
"(25735,)",1.0,44.0,19.0,3.0,3.0,3.0,2544.0,203521.0,1610612739.0,21500160,1,1,1
"(25736,)",0.0,60.0,9.0,3.0,0.0,3.0,2592.0,202684.0,1610612739.0,21500160,1,0,1
"(25739,)",1.0,60.0,1.0,2.0,0.0,2.0,203099.0,203521.0,1610612739.0,21500160,2,0,1
"(25743,)",1.0,146.0,124.0,3.0,0.0,3.0,2592.0,203521.0,1610612739.0,21500160,2,0,1
"(25744,)",0.0,39.0,21.0,3.0,3.0,3.0,2544.0,202684.0,1610612739.0,21500160,2,1,1
"(25745,)",0.0,91.0,18.0,2.0,0.0,2.0,2544.0,2210.0,1610612739.0,21500160,2,0,1
"(25748,)",1.0,75.0,65.0,3.0,0.0,3.0,203521.0,202389.0,1610612739.0,21500160,2,0,1
"(25749,)",1.0,49.0,39.0,2.0,0.0,3.0,202389.0,2544.0,1610612739.0,21500160,2,0,1
"(25751,)",0.0,0.0,0.0,2.0,2.0,2.0,2590.0,-1.0,1610612739.0,21500160,2,1,1
"(25753,)",1.0,0.0,0.0,2.0,2.0,2.0,2590.0,-1.0,1610612739.0,21500160,2,1,1
"(25755,)",0.0,6.0,0.0,2.0,0.0,2.0,2544.0,2590.0,1610612739.0,21500160,2,0,1
"(25756,)",0.0,69.0,12.0,2.0,0.0,2.0,202694.0,203083.0,1610612739.0,21500160,2,0,1
"(25758,)",0.0,80.0,0.0,2.0,0.0,2.0,202684.0,2590.0,1610612739.0,21500160,2,0,1
"(25760,)",1.0,121.0,34.0,0.0,0.0,2.0,203083.0,101141.0,1610612739.0,21500160,3,0,0
"(25764,)",1.0,101.0,91.0,2.0,0.0,2.0,2590.0,201567.0,1610612739.0,21500160,3,0,1
"(25769,)",1.0,55.0,21.0,2.0,0.0,2.0,202684.0,2592.0,1610612739.0,21500160,3,0,1
"(25770,)",0.0,39.0,31.0,0.0,0.0,3.0,202704.0,201229.0,1610612739.0,21500160,3,0,0
"(25771,)",0.0,78.0,69.0,3.0,0.0,3.0,2590.0,2592.0,1610612739.0,21500160,3,0,1
"(25774,)",1.0,42.0,0.0,2.0,0.0,2.0,1626169.0,-1.0,1610612739.0,21500160,3,0,1
"(25776,)",0.0,59.0,9.0,2.0,0.0,2.0,2210.0,202684.0,1610612739.0,21500160,3,0,1
"(25777,)",1.0,0.0,0.0,0.0,0.0,3.0,2590.0,-1.0,1610612739.0,21500160,3,0,0
"(25779,)",0.0,83.0,62.0,3.0,0.0,3.0,2210.0,203521.0,1610612739.0,21500160,4,0,1
"(25786,)",1.0,52.0,14.0,2.0,2.0,2.0,203521.0,2210.0,1610612739.0,21500160,4,1,1
"(25788,)",1.0,86.0,51.0,0.0,0.0,2.0,2210.0,201567.0,1610612739.0,21500160,4,0,0
"(25789,)",1.0,47.0,0.0,3.0,0.0,3.0,201567.0,2544.0,1610612739.0,21500160,4,0,1
"(25790,)",0.0,0.0,0.0,2.0,0.0,2.0,2544.0,-1.0,1610612739.0,21500160,4,0,1
"(25792,)",1.0,11.0,0.0,2.0,2.0,2.0,2544.0,2747.0,1610612739.0,21500160,4,1,1
"(25795,)",0.0,25.0,13.0,2.0,2.0,2.0,201567.0,2544.0,1610612739.0,21500160,4,1,1
"(25798,)",1.0,23.0,0.0,0.0,0.0,2.0,2544.0,2590.0,1610612739.0,21500160,4,0,0
"(25799,)",1.0,17.0,0.0,0.0,0.0,2.0,2544.0,2590.0,1610612739.0,21500160,4,0,0
"(25800,)",1.0,81.0,0.0,3.0,0.0,3.0,2590.0,2544.0,1610612739.0,21500160,4,0,1
"(25801,)",1.0,127.0,123.0,3.0,0.0,3.0,201567.0,202389.0,1610612739.0,21500160,4,0,1
"(25803,)",1.0,0.0,0.0,2.0,0.0,2.0,2544.0,-1.0,1610612739.0,21500160,4,0,1
"(25804,)",1.0,0.0,0.0,0.0,0.0,2.0,2544.0,-1.0,1610612739.0,21500160,4,0,0
"(27065,)",0.0,48.0,0.0,0.0,0.0,2.0,203521.0,203521.0,1610612739.0,21500176,1,0,0
"(27071,)",0.0,124.0,93.0,2.0,0.0,2.0,2747.0,2544.0,1610612739.0,21500176,1,0,1
"(27073,)",1.0,0.0,0.0,2.0,2.0,2.0,2544.0,-1.0,1610612739.0,21500176,1,1,1
"(27075,)",1.0,106.0,0.0,3.0,3.0,3.0,2592.0,203099.0,1610612739.0,21500176,1,1,1
"(27079,)",0.0,92.0,63.0,3.0,0.0,3.0,203099.0,2592.0,1610612739.0,21500176,1,0,1
"(27082,)",1.0,90.0,66.0,2.0,2.0,2.0,202684.0,2592.0,1610612739.0,21500176,2,1,1
"(27088,)",1.0,98.0,88.0,3.0,3.0,3.0,201567.0,203521.0,1610612739.0,21500176,2,1,1
"(27090,)",1.0,70.0,17.0,2.0,2.0,2.0,2747.0,202389.0,1610612739.0,21500176,2,1,1
"(27094,)",0.0,88.0,50.0,2.0,0.0,2.0,2544.0,203521.0,1610612739.0,21500176,2,0,1
"(27096,)",1.0,7.0,0.0,0.0,0.0,2.0,202328.0,203114.0,1610612739.0,21500176,3,0,0
"(27097,)",1.0,82.0,47.0,2.0,2.0,2.0,2544.0,201567.0,1610612739.0,21500176,3,1,1
"(27098,)",1.0,105.0,99.0,3.0,3.0,3.0,2747.0,203521.0,1610612739.0,21500176,3,1,1
"(27099,)",1.0,77.0,43.0,0.0,0.0,2.0,201567.0,2544.0,1610612739.0,21500176,3,0,0
"(27100,)",0.0,29.0,9.0,0.0,0.0,3.0,202684.0,203521.0,1610612739.0,21500176,3,0,0
"(27101,)",0.0,127.0,119.0,2.0,2.0,2.0,2544.0,2747.0,1610612739.0,21500176,3,1,1
"(27102,)",1.0,61.0,0.0,2.0,2.0,2.0,202328.0,203487.0,1610612739.0,21500176,3,1,1
"(27104,)",1.0,45.0,0.0,2.0,2.0,2.0,2760.0,203099.0,1610612739.0,21500176,3,1,1
"(27106,)",1.0,110.0,68.0,2.0,2.0,2.0,203099.0,203521.0,1610612739.0,21500176,3,1,1
"(27108,)",1.0,130.0,111.0,2.0,2.0,2.0,2760.0,203099.0,1610612739.0,21500176,3,1,1
"(27115,)",1.0,4.0,0.0,2.0,2.0,2.0,2760.0,-1.0,1610612739.0,21500176,4,1,1
"(27117,)",1.0,127.0,120.0,2.0,2.0,3.0,2747.0,201567.0,1610612739.0,21500176,4,1,1
"(27119,)",0.0,81.0,71.0,0.0,0.0,3.0,203521.0,2544.0,1610612739.0,21500176,4,0,0
"(27120,)",1.0,114.0,105.0,0.0,0.0,3.0,201567.0,2544.0,1610612739.0,21500176,4,0,0
"(28125,)",0.0,36.0,24.0,0.0,0.0,2.0,200794.0,203471.0,1610612739.0,21500191,1,0,0
"(28126,)",1.0,53.0,47.0,2.0,2.0,2.0,201567.0,2544.0,1610612739.0,21500191,1,1,1
"(28129,)",1.0,91.0,83.0,3.0,3.0,3.0,2747.0,201567.0,1610612739.0,21500191,1,1,1
"(28130,)",1.0,85.0,8.0,2.0,2.0,2.0,200757.0,201952.0,1610612739.0,21500191,1,1,1
"(28131,)",1.0,95.0,84.0,2.0,2.0,2.0,201567.0,202684.0,1610612739.0,21500191,1,1,1
"(28133,)",0.0,63.0,59.0,3.0,0.0,2.0,2747.0,202684.0,1610612739.0,21500191,1,0,1
"(28137,)",1.0,88.0,42.0,3.0,3.0,3.0,203099.0,2544.0,1610612739.0,21500191,1,1,1
"(28138,)",0.0,41.0,21.0,2.0,0.0,2.0,2544.0,2747.0,1610612739.0,21500191,1,0,1
"(28141,)",1.0,61.0,52.0,3.0,0.0,3.0,2747.0,2544.0,1610612739.0,21500191,1,0,1
"(28145,)",0.0,63.0,44.0,2.0,2.0,2.0,201567.0,2760.0,1610612739.0,21500191,1,1,1
"(28147,)",0.0,58.0,0.0,3.0,0.0,3.0,2210.0,203521.0,1610612739.0,21500191,2,0,1
"(28148,)",0.0,45.0,31.0,2.0,2.0,2.0,2210.0,2760.0,1610612739.0,21500191,2,1,1
"(28149,)",0.0,62.0,0.0,3.0,3.0,3.0,202684.0,203521.0,1610612739.0,21500191,2,1,1
"(28152,)",0.0,9.0,0.0,3.0,3.0,3.0,2747.0,-1.0,1610612739.0,21500191,2,1,1
"(28154,)",1.0,68.0,0.0,2.0,2.0,3.0,203200.0,201952.0,1610612739.0,21500191,2,1,1
"(28156,)",1.0,64.0,21.0,2.0,2.0,2.0,2210.0,202684.0,1610612739.0,21500191,2,1,1
"(28158,)",0.0,91.0,49.0,3.0,3.0,3.0,2544.0,2747.0,1610612739.0,21500191,2,1,1
"(28161,)",0.0,62.0,12.0,2.0,0.0,2.0,201143.0,200757.0,1610612739.0,21500191,2,0,1
"(28163,)",0.0,30.0,0.0,3.0,3.0,3.0,203521.0,203521.0,1610612739.0,21500191,2,1,1
"(28164,)",1.0,0.0,0.0,2.0,0.0,2.0,2544.0,-1.0,1610612739.0,21500191,2,0,1
"(28165,)",0.0,95.0,48.0,2.0,0.0,2.0,202684.0,201567.0,1610612739.0,21500191,3,0,1
"(28166,)",1.0,81.0,52.0,3.0,3.0,3.0,201567.0,2544.0,1610612739.0,21500191,3,1,1
"(28174,)",1.0,118.0,63.0,2.0,2.0,2.0,201567.0,2747.0,1610612739.0,21500191,3,1,1
"(28176,)",0.0,0.0,0.0,2.0,2.0,2.0,2544.0,-1.0,1610612739.0,21500191,3,1,1
"(28177,)",0.0,67.0,0.0,3.0,0.0,2.0,203099.0,2544.0,1610612739.0,21500191,3,0,1
"(28181,)",0.0,109.0,95.0,2.0,2.0,2.0,203521.0,201567.0,1610612739.0,21500191,4,1,1
"(28182,)",0.0,60.0,45.0,2.0,2.0,2.0,203521.0,201567.0,1610612739.0,21500191,4,1,1
"(28183,)",0.0,31.0,17.0,2.0,2.0,2.0,2544.0,201567.0,1610612739.0,21500191,4,1,1
"(28185,)",1.0,75.0,0.0,3.0,0.0,3.0,201567.0,2544.0,1610612739.0,21500191,4,0,1
"(28187,)",0.0,93.0,80.0,0.0,0.0,2.0,201567.0,2747.0,1610612739.0,21500191,4,0,0
"(28189,)",0.0,106.0,76.0,2.0,2.0,2.0,2747.0,203099.0,1610612739.0,21500191,4,1,1
"(28190,)",0.0,49.0,33.0,2.0,2.0,2.0,2747.0,2210.0,1610612739.0,21500191,4,1,1
"(28193,)",0.0,0.0,0.0,2.0,0.0,2.0,203099.0,-1.0,1610612739.0,21500191,4,0,1
"(29319,)",1.0,147.0,124.0,3.0,3.0,3.0,203521.0,2544.0,1610612739.0,21500203,1,1,1
"(29321,)",0.0,39.0,16.0,3.0,0.0,3.0,201567.0,203521.0,1610612739.0,21500203,1,0,1
"(29323,)",0.0,107.0,74.0,3.0,3.0,3.0,2747.0,203521.0,1610612739.0,21500203,1,1,1
"(29326,)",0.0,58.0,22.0,2.0,0.0,2.0,201567.0,2544.0,1610612739.0,21500203,1,0,1
"(29328,)",0.0,136.0,98.0,2.0,0.0,2.0,2544.0,202684.0,1610612739.0,21500203,1,0,1
"(29334,)",0.0,79.0,52.0,2.0,0.0,2.0,202684.0,201567.0,1610612739.0,21500203,1,0,1
"(29335,)",0.0,90.0,74.0,2.0,2.0,2.0,201567.0,2747.0,1610612739.0,21500203,1,1,1
"(29337,)",0.0,139.0,104.0,0.0,0.0,3.0,202684.0,2210.0,1610612739.0,21500203,1,0,0
"(29340,)",0.0,96.0,75.0,2.0,2.0,2.0,2760.0,2210.0,1610612739.0,21500203,1,1,1
"(29342,)",1.0,65.0,42.0,3.0,0.0,3.0,203099.0,2747.0,1610612739.0,21500203,1,0,1
"(29345,)",1.0,42.0,0.0,3.0,0.0,3.0,2592.0,203521.0,1610612739.0,21500203,2,0,1
"(29347,)",1.0,88.0,48.0,3.0,3.0,3.0,203094.0,203894.0,1610612739.0,21500203,2,1,1
"(29349,)",0.0,26.0,19.0,2.0,2.0,2.0,2592.0,203521.0,1610612739.0,21500203,2,1,1
"(29350,)",1.0,4.0,0.0,2.0,2.0,2.0,201160.0,-1.0,1610612739.0,21500203,2,1,1
"(29351,)",1.0,39.0,22.0,0.0,0.0,2.0,203099.0,2210.0,1610612739.0,21500203,2,0,0
"(29356,)",1.0,44.0,30.0,2.0,2.0,2.0,201567.0,2747.0,1610612739.0,21500203,2,1,1
"(29361,)",1.0,65.0,0.0,3.0,3.0,3.0,201567.0,203521.0,1610612739.0,21500203,2,1,1
"(29363,)",0.0,43.0,33.0,3.0,3.0,3.0,203521.0,201567.0,1610612739.0,21500203,2,1,1
"(29365,)",0.0,23.0,7.0,2.0,0.0,2.0,2544.0,201567.0,1610612739.0,21500203,2,0,1
"(29368,)",1.0,58.0,13.0,2.0,2.0,2.0,2747.0,2544.0,1610612739.0,21500203,2,1,1
"(29372,)",1.0,167.0,149.0,3.0,3.0,3.0,201567.0,2544.0,1610612739.0,21500203,2,1,1
"(29375,)",1.0,139.0,123.0,2.0,2.0,2.0,2544.0,203521.0,1610612739.0,21500203,3,1,1
"(29377,)",1.0,110.0,27.0,3.0,0.0,3.0,2747.0,2544.0,1610612739.0,21500203,3,0,1
"(29378,)",1.0,103.0,93.0,2.0,2.0,2.0,2544.0,2747.0,1610612739.0,21500203,3,1,1
"(29383,)",0.0,60.0,23.0,3.0,3.0,3.0,203521.0,201567.0,1610612739.0,21500203,3,1,1
"(29385,)",1.0,83.0,79.0,3.0,3.0,3.0,203521.0,2747.0,1610612739.0,21500203,3,1,1
"(29387,)",1.0,72.0,53.0,3.0,3.0,3.0,2747.0,2544.0,1610612739.0,21500203,3,1,1
"(29393,)",1.0,123.0,88.0,2.0,0.0,2.0,2210.0,202684.0,1610612739.0,21500203,3,0,1
"(29396,)",1.0,48.0,31.0,2.0,2.0,2.0,2544.0,2210.0,1610612739.0,21500203,4,1,1
"(29401,)",1.0,46.0,0.0,2.0,2.0,2.0,2760.0,2544.0,1610612739.0,21500203,4,1,1
"(29402,)",0.0,65.0,6.0,2.0,0.0,2.0,201160.0,203932.0,1610612739.0,21500203,4,0,1
"(29403,)",0.0,0.0,0.0,2.0,2.0,2.0,203894.0,-1.0,1610612739.0,21500203,4,1,1
"(29405,)",0.0,52.0,34.0,2.0,0.0,2.0,2544.0,2592.0,1610612739.0,21500203,4,0,1
"(29409,)",0.0,0.0,0.0,3.0,0.0,3.0,203894.0,-1.0,1610612739.0,21500203,4,0,1
"(29412,)",1.0,155.0,125.0,3.0,3.0,3.0,2747.0,203099.0,1610612739.0,21500203,4,1,1
"(29413,)",1.0,139.0,131.0,3.0,3.0,3.0,201567.0,203099.0,1610612739.0,21500203,4,1,1
"(29414,)",0.0,0.0,0.0,2.0,2.0,2.0,202684.0,-1.0,1610612739.0,21500203,4,1,1
"(29415,)",1.0,88.0,70.0,2.0,2.0,2.0,203473.0,203932.0,1610612739.0,21500203,4,1,1
"(30413,)",1.0,75.0,23.0,2.0,2.0,2.0,202684.0,2544.0,1610612739.0,21500219,1,1,1
"(30414,)",0.0,21.0,0.0,2.0,2.0,2.0,2747.0,2544.0,1610612739.0,21500219,1,1,1
"(30417,)",0.0,0.0,0.0,0.0,0.0,2.0,203099.0,-1.0,1610612739.0,21500219,1,0,0
"(30418,)",1.0,70.0,50.0,2.0,0.0,2.0,2544.0,2747.0,1610612739.0,21500219,1,0,1
"(30421,)",1.0,97.0,55.0,3.0,0.0,3.0,2544.0,202684.0,1610612739.0,21500219,1,0,1
"(30424,)",0.0,138.0,117.0,2.0,2.0,2.0,2449.0,201942.0,1610612739.0,21500219,1,1,1
"(30425,)",0.0,96.0,84.0,2.0,0.0,2.0,201567.0,2544.0,1610612739.0,21500219,1,0,1
"(30426,)",1.0,159.0,0.0,0.0,0.0,2.0,2590.0,2590.0,1610612739.0,21500219,1,0,0
"(30436,)",1.0,113.0,78.0,2.0,2.0,2.0,2760.0,2590.0,1610612739.0,21500219,1,1,1
"(30437,)",0.0,48.0,36.0,3.0,0.0,3.0,2592.0,2590.0,1610612739.0,21500219,2,0,1
"(30440,)",1.0,46.0,15.0,3.0,0.0,3.0,2590.0,2760.0,1610612739.0,21500219,2,0,1
"(30441,)",1.0,60.0,54.0,2.0,0.0,2.0,2210.0,2590.0,1610612739.0,21500219,2,0,1
"(30444,)",0.0,115.0,92.0,2.0,0.0,2.0,2760.0,2590.0,1610612739.0,21500219,2,0,1
"(30451,)",1.0,81.0,75.0,3.0,0.0,3.0,203099.0,201567.0,1610612739.0,21500219,2,0,1
"(30455,)",1.0,103.0,53.0,3.0,0.0,3.0,201567.0,2544.0,1610612739.0,21500219,2,0,1
"(30457,)",0.0,14.0,0.0,2.0,2.0,2.0,2544.0,2590.0,1610612739.0,21500219,2,1,1
"(30459,)",1.0,21.0,0.0,2.0,0.0,2.0,2544.0,2544.0,1610612739.0,21500219,2,0,1
"(30460,)",0.0,75.0,17.0,2.0,2.0,2.0,2747.0,201567.0,1610612739.0,21500219,3,1,1
"(30461,)",1.0,53.0,28.0,2.0,0.0,2.0,201942.0,2449.0,1610612739.0,21500219,3,0,1
"(30462,)",1.0,158.0,138.0,3.0,0.0,3.0,2544.0,201567.0,1610612739.0,21500219,3,0,1
"(30463,)",0.0,82.0,79.0,2.0,2.0,2.0,2747.0,202684.0,1610612739.0,21500219,3,1,1
"(30465,)",0.0,137.0,90.0,2.0,2.0,2.0,2590.0,2544.0,1610612739.0,21500219,3,1,1
"(30468,)",0.0,25.0,0.0,3.0,3.0,3.0,202684.0,2590.0,1610612739.0,21500219,3,1,1
"(30472,)",0.0,86.0,10.0,0.0,0.0,2.0,2544.0,2747.0,1610612739.0,21500219,3,0,0
"(30473,)",0.0,55.0,26.0,2.0,2.0,3.0,2544.0,201567.0,1610612739.0,21500219,3,1,1
"(30475,)",1.0,41.0,0.0,2.0,0.0,2.0,201567.0,2544.0,1610612739.0,21500219,3,0,1
"(30478,)",1.0,30.0,0.0,2.0,2.0,2.0,2210.0,2590.0,1610612739.0,21500219,3,1,1
"(30480,)",1.0,38.0,0.0,2.0,0.0,2.0,203099.0,203099.0,1610612739.0,21500219,3,0,1
"(30481,)",0.0,115.0,109.0,0.0,0.0,2.0,202335.0,2449.0,1610612739.0,21500219,3,0,0
"(30490,)",0.0,52.0,6.0,2.0,0.0,2.0,2544.0,201567.0,1610612739.0,21500219,4,0,1
"(30491,)",1.0,0.0,0.0,2.0,0.0,2.0,2544.0,-1.0,1610612739.0,21500219,4,0,1
"(30492,)",0.0,0.0,0.0,3.0,0.0,3.0,2544.0,-1.0,1610612739.0,21500219,4,0,1
"(30494,)",0.0,36.0,19.0,3.0,3.0,3.0,200768.0,201960.0,1610612739.0,21500219,4,1,1
"(30498,)",0.0,63.0,0.0,2.0,0.0,2.0,202684.0,2544.0,1610612739.0,21500219,4,0,1
"(30500,)",1.0,48.0,39.0,2.0,0.0,2.0,201567.0,2544.0,1610612739.0,21500219,4,0,1
"(30501,)",1.0,37.0,28.0,2.0,0.0,2.0,201567.0,2544.0,1610612739.0,21500219,4,0,1
"(30503,)",0.0,118.0,111.0,2.0,2.0,2.0,2590.0,2592.0,1610612739.0,21500219,4,1,1
"(30504,)",0.0,132.0,80.0,3.0,3.0,3.0,2747.0,2544.0,1610612739.0,21500219,4,1,1
"(31406,)",0.0,41.0,0.0,2.0,0.0,2.0,202689.0,202689.0,1610612739.0,21500227,1,0,1
"(31407,)",0.0,66.0,47.0,2.0,2.0,2.0,202389.0,2747.0,1610612739.0,21500227,1,1,1
"(31409,)",0.0,93.0,82.0,2.0,0.0,2.0,201567.0,2590.0,1610612739.0,21500227,1,0,1
"(31411,)",1.0,123.0,90.0,2.0,0.0,2.0,201567.0,2544.0,1610612739.0,21500227,1,0,1
"(31415,)",1.0,0.0,0.0,2.0,2.0,2.0,2590.0,-1.0,1610612739.0,21500227,1,1,1
"(31418,)",1.0,107.0,91.0,2.0,2.0,2.0,201567.0,2590.0,1610612739.0,21500227,1,1,1
"(31419,)",0.0,0.0,0.0,2.0,2.0,2.0,2590.0,-1.0,1610612739.0,21500227,1,1,1
"(31421,)",0.0,135.0,100.0,2.0,0.0,2.0,201567.0,2590.0,1610612739.0,21500227,1,0,1
"(31424,)",1.0,52.0,7.0,2.0,0.0,3.0,2544.0,2592.0,1610612739.0,21500227,1,0,1
"(31425,)",1.0,56.0,12.0,3.0,0.0,3.0,2592.0,2544.0,1610612739.0,21500227,1,0,1
"(31428,)",0.0,69.0,11.0,2.0,0.0,2.0,2592.0,203521.0,1610612739.0,21500227,1,0,1
"(31430,)",1.0,0.0,0.0,2.0,2.0,2.0,2544.0,-1.0,1610612739.0,21500227,1,1,1
"(31432,)",1.0,123.0,13.0,3.0,0.0,3.0,2592.0,2544.0,1610612739.0,21500227,2,0,1
"(31436,)",1.0,47.0,0.0,2.0,2.0,2.0,2544.0,203521.0,1610612739.0,21500227,2,1,1
"(31440,)",0.0,98.0,91.0,3.0,3.0,3.0,201567.0,2210.0,1610612739.0,21500227,2,1,1
"(31442,)",1.0,121.0,108.0,3.0,3.0,3.0,2210.0,201567.0,1610612739.0,21500227,2,1,1
"(31443,)",0.0,154.0,114.0,2.0,0.0,2.0,202689.0,202391.0,1610612739.0,21500227,2,0,1
"(31444,)",1.0,99.0,86.0,2.0,2.0,2.0,201567.0,203521.0,1610612739.0,21500227,2,1,1
"(31447,)",1.0,0.0,0.0,2.0,0.0,2.0,203521.0,-1.0,1610612739.0,21500227,2,0,1
"(31449,)",1.0,0.0,0.0,2.0,2.0,2.0,2590.0,-1.0,1610612739.0,21500227,2,1,1
"(31450,)",1.0,56.0,34.0,0.0,0.0,2.0,201567.0,2544.0,1610612739.0,21500227,2,0,0
"(31452,)",1.0,67.0,42.0,2.0,2.0,2.0,201567.0,202389.0,1610612739.0,21500227,2,1,1
"(31455,)",0.0,55.0,25.0,2.0,0.0,2.0,2544.0,201567.0,1610612739.0,21500227,2,0,1
"(31456,)",0.0,119.0,69.0,3.0,0.0,3.0,2747.0,201567.0,1610612739.0,21500227,2,0,1
"(31457,)",0.0,77.0,29.0,2.0,2.0,3.0,2747.0,2544.0,1610612739.0,21500227,3,1,1
"(31459,)",1.0,52.0,32.0,3.0,0.0,3.0,2747.0,2544.0,1610612739.0,21500227,3,0,1
"(31461,)",1.0,121.0,111.0,0.0,0.0,3.0,2590.0,202389.0,1610612739.0,21500227,3,0,0
"(31463,)",0.0,0.0,0.0,0.0,0.0,2.0,2590.0,-1.0,1610612739.0,21500227,3,0,0
"(31466,)",0.0,69.0,10.0,0.0,0.0,3.0,201567.0,2747.0,1610612739.0,21500227,3,0,0
"(31469,)",1.0,0.0,0.0,2.0,2.0,2.0,2544.0,-1.0,1610612739.0,21500227,3,1,1
"(31473,)",1.0,45.0,11.0,2.0,2.0,2.0,202684.0,203521.0,1610612739.0,21500227,3,1,1
"(31475,)",0.0,148.0,84.0,2.0,0.0,3.0,2210.0,2544.0,1610612739.0,21500227,3,0,1
"(31479,)",1.0,142.0,117.0,3.0,0.0,3.0,203521.0,202684.0,1610612739.0,21500227,3,0,1
"(31480,)",0.0,33.0,3.0,3.0,0.0,3.0,201567.0,203521.0,1610612739.0,21500227,3,0,1
"(31482,)",1.0,102.0,65.0,3.0,0.0,3.0,2592.0,203521.0,1610612739.0,21500227,4,0,1
"(31483,)",1.0,115.0,82.0,3.0,3.0,3.0,2210.0,202684.0,1610612739.0,21500227,4,1,1
"(31490,)",0.0,187.0,136.0,0.0,0.0,3.0,2210.0,2747.0,1610612739.0,21500227,4,0,0
"(31492,)",1.0,43.0,33.0,2.0,2.0,2.0,202684.0,203521.0,1610612739.0,21500227,4,1,1
"(31493,)",0.0,64.0,34.0,3.0,3.0,3.0,203521.0,2544.0,1610612739.0,21500227,4,1,1
"(31495,)",0.0,36.0,10.0,2.0,2.0,2.0,203521.0,2544.0,1610612739.0,21500227,4,1,1
"(31497,)",1.0,84.0,73.0,3.0,0.0,3.0,2210.0,203521.0,1610612739.0,21500227,4,0,1
"(31499,)",0.0,27.0,0.0,2.0,2.0,2.0,2747.0,2544.0,1610612739.0,21500227,4,1,1
"(31500,)",0.0,0.0,0.0,0.0,0.0,3.0,2544.0,-1.0,1610612739.0,21500227,4,0,0
"(31501,)",1.0,92.0,70.0,2.0,0.0,2.0,202684.0,203521.0,1610612739.0,21500227,4,0,1
"(31503,)",1.0,64.0,60.0,3.0,0.0,3.0,2210.0,202684.0,1610612739.0,21500227,4,0,1
"(31505,)",0.0,116.0,0.0,3.0,3.0,3.0,2747.0,2544.0,1610612739.0,21500227,4,1,1
"(31507,)",0.0,61.0,0.0,3.0,0.0,3.0,203521.0,2544.0,1610612739.0,21500227,4,0,1
"(31510,)",0.0,69.0,45.0,3.0,0.0,3.0,201587.0,202689.0,1610612739.0,21500227,4,0,1
"(34464,)",0.0,0.0,0.0,0.0,0.0,2.0,202389.0,-1.0,1610612739.0,21500262,1,0,0
"(34465,)",1.0,37.0,0.0,2.0,0.0,2.0,202389.0,2590.0,1610612739.0,21500262,1,0,1
"(34466,)",1.0,27.0,0.0,2.0,0.0,2.0,202389.0,2590.0,1610612739.0,21500262,1,0,1
"(34467,)",0.0,29.0,0.0,2.0,2.0,2.0,201567.0,2590.0,1610612739.0,21500262,1,1,1
"(34468,)",1.0,85.0,77.0,3.0,3.0,3.0,2590.0,2747.0,1610612739.0,21500262,1,1,1
"(34472,)",1.0,0.0,0.0,0.0,0.0,2.0,2590.0,-1.0,1610612739.0,21500262,1,0,0
"(34473,)",0.0,91.0,53.0,2.0,2.0,2.0,2590.0,201567.0,1610612739.0,21500262,1,1,1
"(34476,)",0.0,0.0,0.0,2.0,2.0,2.0,203521.0,-1.0,1610612739.0,21500262,1,1,1
"(34478,)",0.0,79.0,48.0,3.0,0.0,3.0,2210.0,2747.0,1610612739.0,21500262,1,0,1
"(34479,)",0.0,48.0,35.0,2.0,0.0,2.0,2544.0,203521.0,1610612739.0,21500262,1,0,1
"(34480,)",0.0,95.0,54.0,3.0,0.0,3.0,2590.0,2544.0,1610612739.0,21500262,1,0,1
"(34482,)",1.0,37.0,0.0,2.0,0.0,2.0,2544.0,2590.0,1610612739.0,21500262,2,0,1
"(34483,)",0.0,72.0,59.0,2.0,2.0,2.0,2210.0,2747.0,1610612739.0,21500262,2,1,1
"(34486,)",1.0,101.0,84.0,2.0,0.0,2.0,202684.0,203521.0,1610612739.0,21500262,2,0,1
"(34488,)",1.0,154.0,98.0,3.0,0.0,3.0,2747.0,2544.0,1610612739.0,21500262,2,0,1
"(34489,)",1.0,64.0,0.0,0.0,0.0,2.0,202389.0,2590.0,1610612739.0,21500262,3,0,0
"(34490,)",1.0,32.0,0.0,0.0,0.0,2.0,202389.0,2590.0,1610612739.0,21500262,3,0,0
"(34491,)",0.0,22.0,13.0,2.0,0.0,2.0,202389.0,2544.0,1610612739.0,21500262,3,0,1
"(34493,)",0.0,78.0,0.0,2.0,0.0,2.0,2544.0,203521.0,1610612739.0,21500262,3,0,1
"(34496,)",1.0,151.0,79.0,2.0,0.0,2.0,2760.0,2544.0,1610612739.0,21500262,3,0,1
"(34499,)",1.0,0.0,0.0,2.0,2.0,2.0,2544.0,-1.0,1610612739.0,21500262,3,1,1
"(34501,)",1.0,44.0,0.0,3.0,3.0,3.0,2747.0,203521.0,1610612739.0,21500262,3,1,1
"(34504,)",0.0,86.0,0.0,3.0,0.0,3.0,2747.0,203099.0,1610612739.0,21500262,3,0,1
"(34506,)",1.0,0.0,0.0,2.0,0.0,2.0,2544.0,-1.0,1610612739.0,21500262,4,0,1
"(34509,)",0.0,116.0,75.0,0.0,0.0,2.0,2592.0,203521.0,1610612739.0,21500262,4,0,0
"(34511,)",1.0,54.0,45.0,3.0,3.0,3.0,202322.0,201162.0,1610612739.0,21500262,4,1,1
"(34522,)",0.0,46.0,5.0,3.0,0.0,3.0,2592.0,2210.0,1610612739.0,21500262,4,0,1
"(34523,)",1.0,15.0,0.0,3.0,0.0,3.0,2210.0,2747.0,1610612739.0,21500262,4,0,1
"(35766,)",0.0,40.0,0.0,3.0,0.0,3.0,201567.0,203521.0,1610612739.0,21500288,1,0,1
"(35767,)",0.0,124.0,116.0,2.0,0.0,2.0,2747.0,203521.0,1610612739.0,21500288,1,0,1
"(35770,)",0.0,85.0,76.0,3.0,3.0,3.0,2747.0,2592.0,1610612739.0,21500288,1,1,1
"(35771,)",0.0,113.0,101.0,3.0,0.0,3.0,2747.0,202684.0,1610612739.0,21500288,1,0,1
"(35773,)",0.0,0.0,0.0,2.0,0.0,2.0,2590.0,-1.0,1610612739.0,21500288,1,0,1
"(35775,)",1.0,116.0,108.0,3.0,0.0,3.0,2590.0,2592.0,1610612739.0,21500288,2,0,1
"(35776,)",0.0,86.0,77.0,2.0,0.0,3.0,2590.0,2544.0,1610612739.0,21500288,2,0,1
"(35777,)",0.0,116.0,0.0,2.0,2.0,2.0,201567.0,203521.0,1610612739.0,21500288,2,1,1
"(35783,)",1.0,105.0,81.0,3.0,0.0,3.0,201567.0,2544.0,1610612739.0,21500288,2,0,1
"(35784,)",1.0,133.0,94.0,3.0,3.0,3.0,203521.0,2544.0,1610612739.0,21500288,2,1,1
"(35787,)",1.0,47.0,0.0,2.0,2.0,2.0,202389.0,203521.0,1610612739.0,21500288,2,1,1
"(35789,)",0.0,60.0,4.0,3.0,0.0,3.0,2747.0,201567.0,1610612739.0,21500288,2,0,1
"(35790,)",1.0,63.0,0.0,2.0,2.0,2.0,2544.0,203521.0,1610612739.0,21500288,2,1,1
"(35791,)",0.0,104.0,95.0,3.0,0.0,3.0,2544.0,201567.0,1610612739.0,21500288,2,0,1
"(35792,)",0.0,0.0,0.0,2.0,0.0,2.0,203521.0,-1.0,1610612739.0,21500288,2,0,1
"(35793,)",0.0,89.0,70.0,2.0,2.0,2.0,201567.0,2590.0,1610612739.0,21500288,2,1,1
"(35794,)",1.0,44.0,35.0,2.0,0.0,2.0,203521.0,201567.0,1610612739.0,21500288,2,0,1
"(35796,)",0.0,37.0,21.0,2.0,2.0,2.0,201567.0,203521.0,1610612739.0,21500288,3,1,1
"(35798,)",0.0,95.0,13.0,3.0,3.0,3.0,2747.0,203521.0,1610612739.0,21500288,3,1,1
"(35801,)",0.0,89.0,66.0,2.0,2.0,2.0,201569.0,203076.0,1610612739.0,21500288,3,1,1
"(35803,)",1.0,103.0,66.0,2.0,0.0,2.0,201567.0,2544.0,1610612739.0,21500288,3,0,1
"(35804,)",0.0,47.0,7.0,2.0,0.0,2.0,2590.0,201567.0,1610612739.0,21500288,3,0,1
"(35806,)",0.0,66.0,47.0,0.0,0.0,3.0,201567.0,202684.0,1610612739.0,21500288,3,0,0
"(35807,)",0.0,66.0,47.0,0.0,0.0,3.0,201567.0,202684.0,1610612739.0,21500288,3,0,0
"(35808,)",0.0,35.0,18.0,2.0,2.0,2.0,2590.0,2592.0,1610612739.0,21500288,3,1,1
"(35812,)",1.0,39.0,25.0,2.0,0.0,2.0,2544.0,2592.0,1610612739.0,21500288,4,0,1
"(35813,)",0.0,90.0,81.0,2.0,2.0,2.0,2590.0,2210.0,1610612739.0,21500288,4,1,1
"(35815,)",1.0,59.0,46.0,2.0,2.0,2.0,2544.0,2592.0,1610612739.0,21500288,4,1,1
"(35817,)",1.0,37.0,13.0,2.0,0.0,2.0,2544.0,203521.0,1610612739.0,21500288,4,0,1
"(35822,)",0.0,61.0,45.0,0.0,0.0,2.0,2544.0,2747.0,1610612739.0,21500288,4,0,0
"(35824,)",0.0,0.0,0.0,2.0,0.0,2.0,2544.0,-1.0,1610612739.0,21500288,5,0,1
"(35827,)",0.0,91.0,31.0,3.0,0.0,3.0,201567.0,2544.0,1610612739.0,21500288,5,0,1
"(37848,)",1.0,94.0,73.0,2.0,0.0,2.0,201567.0,2747.0,1610612739.0,21500313,1,0,1
"(37853,)",1.0,64.0,18.0,2.0,0.0,2.0,201567.0,2544.0,1610612739.0,21500313,1,0,1
"(37854,)",0.0,89.0,66.0,2.0,0.0,2.0,2747.0,2544.0,1610612739.0,21500313,1,0,1
"(37858,)",0.0,57.0,34.0,3.0,0.0,3.0,2590.0,2210.0,1610612739.0,21500313,1,0,1
"(37859,)",0.0,16.0,0.0,2.0,2.0,2.0,2760.0,2590.0,1610612739.0,21500313,1,1,1
"(37861,)",0.0,75.0,56.0,3.0,0.0,3.0,203081.0,203459.0,1610612739.0,21500313,1,0,1
"(37863,)",1.0,40.0,0.0,0.0,0.0,2.0,2590.0,2760.0,1610612739.0,21500313,2,0,0
"(37864,)",1.0,89.0,26.0,0.0,0.0,2.0,202684.0,2590.0,1610612739.0,21500313,2,0,0
"(37866,)",0.0,46.0,0.0,0.0,0.0,2.0,2760.0,2590.0,1610612739.0,21500313,2,0,0
"(37869,)",1.0,53.0,21.0,3.0,3.0,3.0,203086.0,203468.0,1610612739.0,21500313,2,1,1
"(37872,)",0.0,103.0,85.0,2.0,2.0,2.0,203521.0,203099.0,1610612739.0,21500313,2,1,1
"(37875,)",0.0,141.0,99.0,3.0,0.0,3.0,2210.0,203521.0,1610612739.0,21500313,2,0,1
"(37878,)",0.0,50.0,31.0,2.0,0.0,2.0,203521.0,2747.0,1610612739.0,21500313,2,0,1
"(37879,)",1.0,62.0,0.0,3.0,0.0,3.0,2544.0,203521.0,1610612739.0,21500313,2,0,1
"(37880,)",1.0,0.0,0.0,2.0,2.0,2.0,2544.0,-1.0,1610612739.0,21500313,2,1,1
"(37881,)",1.0,52.0,0.0,3.0,0.0,3.0,2747.0,203521.0,1610612739.0,21500313,3,0,1
"(37887,)",1.0,0.0,0.0,0.0,0.0,2.0,203081.0,-1.0,1610612739.0,21500313,3,0,0
"(37889,)",1.0,42.0,5.0,2.0,0.0,2.0,201567.0,203521.0,1610612739.0,21500313,3,0,1
"(37894,)",1.0,56.0,39.0,3.0,3.0,3.0,203521.0,201567.0,1610612739.0,21500313,3,1,1
"(37898,)",0.0,67.0,46.0,2.0,0.0,2.0,201567.0,2747.0,1610612739.0,21500313,3,0,1
"(37902,)",0.0,126.0,94.0,2.0,2.0,2.0,2210.0,201567.0,1610612739.0,21500313,3,1,1
"(37903,)",1.0,101.0,83.0,3.0,0.0,3.0,203099.0,2544.0,1610612739.0,21500313,3,0,1
"(37910,)",0.0,0.0,0.0,2.0,2.0,2.0,2590.0,-1.0,1610612739.0,21500313,4,1,1
"(37912,)",0.0,40.0,9.0,0.0,0.0,2.0,2544.0,2590.0,1610612739.0,21500313,4,0,0
"(37914,)",0.0,125.0,13.0,2.0,0.0,2.0,203521.0,2544.0,1610612739.0,21500313,4,0,1
"(37915,)",1.0,75.0,45.0,2.0,2.0,2.0,2544.0,203099.0,1610612739.0,21500313,4,1,1
"(37916,)",1.0,72.0,55.0,2.0,2.0,2.0,2544.0,203521.0,1610612739.0,21500313,4,1,1
"(37917,)",0.0,89.0,61.0,2.0,0.0,2.0,2544.0,2590.0,1610612739.0,21500313,4,0,1
"(37918,)",0.0,109.0,100.0,0.0,0.0,2.0,201567.0,2544.0,1610612739.0,21500313,4,0,0
"(37920,)",0.0,85.0,25.0,3.0,3.0,3.0,2544.0,201567.0,1610612739.0,21500313,4,1,1
"(37921,)",0.0,72.0,48.0,3.0,0.0,2.0,2590.0,2544.0,1610612739.0,21500313,4,0,1
"(37925,)",1.0,66.0,0.0,2.0,2.0,2.0,2544.0,2590.0,1610612739.0,21500313,4,1,1
"(39331,)",0.0,123.0,102.0,2.0,2.0,2.0,201567.0,2544.0,1610612739.0,21500334,1,1,1
"(39333,)",1.0,96.0,82.0,3.0,0.0,3.0,203099.0,201567.0,1610612739.0,21500334,1,0,1
"(39335,)",1.0,101.0,90.0,3.0,3.0,3.0,203521.0,2544.0,1610612739.0,21500334,1,1,1
"(39336,)",1.0,61.0,0.0,2.0,2.0,2.0,202389.0,203521.0,1610612739.0,21500334,1,1,1
"(39337,)",0.0,18.0,0.0,0.0,0.0,2.0,202389.0,203521.0,1610612739.0,21500334,1,0,0
"(39342,)",0.0,61.0,41.0,2.0,0.0,3.0,203099.0,202389.0,1610612739.0,21500334,1,0,1
"(39344,)",0.0,60.0,0.0,2.0,0.0,2.0,201567.0,203521.0,1610612739.0,21500334,1,0,1
"(39349,)",0.0,162.0,114.0,3.0,3.0,3.0,2210.0,2590.0,1610612739.0,21500334,1,1,1
"(39350,)",0.0,53.0,42.0,2.0,0.0,2.0,202684.0,202697.0,1610612739.0,21500334,1,0,1
"(39351,)",1.0,78.0,0.0,0.0,0.0,2.0,202684.0,2544.0,1610612739.0,21500334,1,0,0
"(39353,)",1.0,88.0,0.0,0.0,0.0,3.0,2590.0,2544.0,1610612739.0,21500334,1,0,0
"(39356,)",0.0,67.0,29.0,2.0,0.0,2.0,2592.0,2210.0,1610612739.0,21500334,2,0,1
"(39360,)",0.0,65.0,3.0,3.0,0.0,3.0,2592.0,2544.0,1610612739.0,21500334,2,0,1
"(39364,)",1.0,86.0,31.0,3.0,0.0,3.0,201567.0,203521.0,1610612739.0,21500334,2,0,1
"(39367,)",1.0,61.0,0.0,2.0,0.0,2.0,201567.0,203521.0,1610612739.0,21500334,2,0,1
"(39372,)",1.0,56.0,46.0,2.0,2.0,2.0,2544.0,201567.0,1610612739.0,21500334,2,1,1
"(39373,)",1.0,6.0,0.0,2.0,2.0,2.0,2544.0,201567.0,1610612739.0,21500334,2,1,1
"(39375,)",0.0,0.0,0.0,2.0,2.0,2.0,203521.0,-1.0,1610612739.0,21500334,2,1,1
"(39376,)",0.0,69.0,0.0,3.0,3.0,3.0,202696.0,203506.0,1610612739.0,21500334,2,1,1
"(39377,)",0.0,27.0,0.0,3.0,0.0,3.0,203521.0,2544.0,1610612739.0,21500334,3,0,1
"(39378,)",0.0,83.0,66.0,0.0,0.0,3.0,203099.0,201567.0,1610612739.0,21500334,3,0,0
"(39380,)",0.0,178.0,163.0,2.0,0.0,2.0,2544.0,201567.0,1610612739.0,21500334,3,0,1
"(39382,)",0.0,35.0,0.0,2.0,2.0,2.0,202389.0,201567.0,1610612739.0,21500334,3,1,1
"(39387,)",1.0,61.0,51.0,0.0,0.0,3.0,203506.0,203094.0,1610612739.0,21500334,3,0,0
"(39388,)",0.0,125.0,117.0,2.0,2.0,2.0,2544.0,2590.0,1610612739.0,21500334,3,1,1
"(39394,)",0.0,92.0,65.0,0.0,0.0,2.0,2210.0,2590.0,1610612739.0,21500334,4,0,0
"(39395,)",0.0,92.0,65.0,0.0,0.0,2.0,2210.0,2590.0,1610612739.0,21500334,4,0,0
"(39398,)",0.0,77.0,40.0,2.0,0.0,2.0,2590.0,202697.0,1610612739.0,21500334,4,0,1
"(39403,)",0.0,43.0,0.0,0.0,0.0,2.0,2210.0,2590.0,1610612739.0,21500334,4,0,0
"(39404,)",1.0,85.0,0.0,2.0,0.0,2.0,2760.0,2590.0,1610612739.0,21500334,4,0,1
"(39406,)",0.0,114.0,54.0,2.0,2.0,2.0,2592.0,203099.0,1610612739.0,21500334,4,1,1
"(39407,)",1.0,117.0,79.0,3.0,3.0,3.0,2592.0,2760.0,1610612739.0,21500334,4,1,1
"(39409,)",1.0,49.0,35.0,2.0,0.0,2.0,203099.0,2760.0,1610612739.0,21500334,4,0,1
"(39411,)",0.0,41.0,0.0,0.0,0.0,3.0,203099.0,2590.0,1610612739.0,21500334,4,0,0
"(39412,)",0.0,75.0,59.0,0.0,0.0,3.0,2590.0,2760.0,1610612739.0,21500334,4,0,0
"(39414,)",1.0,29.0,0.0,0.0,0.0,2.0,201619.0,2590.0,1610612739.0,21500334,4,0,0
"(42190,)",1.0,51.0,7.0,2.0,2.0,2.0,201567.0,2747.0,1610612739.0,21500367,1,1,1
"(42192,)",1.0,42.0,5.0,2.0,0.0,2.0,2747.0,203521.0,1610612739.0,21500367,1,0,1
"(42204,)",0.0,18.0,0.0,0.0,0.0,2.0,203096.0,202323.0,1610612739.0,21500367,1,0,0
"(42208,)",0.0,134.0,88.0,2.0,0.0,2.0,2210.0,202697.0,1610612739.0,21500367,1,0,1
"(42210,)",1.0,151.0,129.0,3.0,0.0,3.0,202697.0,2590.0,1610612739.0,21500367,1,0,1
"(42214,)",1.0,148.0,59.0,3.0,0.0,3.0,2590.0,202697.0,1610612739.0,21500367,2,0,1
"(42216,)",0.0,84.0,0.0,0.0,0.0,2.0,2760.0,2590.0,1610612739.0,21500367,2,0,0
"(42219,)",0.0,36.0,0.0,0.0,0.0,2.0,2760.0,2590.0,1610612739.0,21500367,2,0,0
"(42220,)",1.0,152.0,115.0,0.0,0.0,3.0,202697.0,2760.0,1610612739.0,21500367,2,0,0
"(42221,)",1.0,93.0,83.0,3.0,0.0,3.0,2544.0,2747.0,1610612739.0,21500367,2,0,1
"(42222,)",1.0,61.0,0.0,2.0,0.0,2.0,2760.0,2544.0,1610612739.0,21500367,2,0,1
"(42224,)",1.0,69.0,0.0,3.0,0.0,3.0,201567.0,2544.0,1610612739.0,21500367,2,0,1
"(42225,)",1.0,84.0,36.0,3.0,0.0,3.0,201567.0,2747.0,1610612739.0,21500367,2,0,1
"(42228,)",0.0,129.0,115.0,2.0,0.0,2.0,201567.0,2544.0,1610612739.0,21500367,2,0,1
"(42229,)",1.0,93.0,72.0,2.0,2.0,2.0,202389.0,203521.0,1610612739.0,21500367,2,1,1
"(42232,)",0.0,97.0,86.0,2.0,0.0,3.0,203521.0,201567.0,1610612739.0,21500367,2,0,1
"(42233,)",0.0,166.0,108.0,3.0,3.0,3.0,203109.0,202340.0,1610612739.0,21500367,2,1,1
"(42234,)",0.0,119.0,49.0,2.0,2.0,2.0,2747.0,201567.0,1610612739.0,21500367,2,1,1
"(42237,)",0.0,0.0,0.0,3.0,0.0,3.0,201567.0,-1.0,1610612739.0,21500367,3,0,1
"(42238,)",1.0,47.0,0.0,3.0,0.0,3.0,203521.0,2544.0,1610612739.0,21500367,3,0,1
"(42240,)",1.0,126.0,107.0,2.0,2.0,2.0,202389.0,201567.0,1610612739.0,21500367,3,1,1
"(42242,)",1.0,132.0,126.0,3.0,3.0,3.0,201567.0,203521.0,1610612739.0,21500367,3,1,1
"(42244,)",1.0,3.0,0.0,2.0,2.0,2.0,2544.0,-1.0,1610612739.0,21500367,3,1,1
"(42247,)",0.0,89.0,29.0,3.0,3.0,3.0,2747.0,2544.0,1610612739.0,21500367,3,1,1
"(42251,)",0.0,68.0,49.0,2.0,2.0,2.0,202389.0,201567.0,1610612739.0,21500367,3,1,1
"(42253,)",0.0,133.0,101.0,2.0,0.0,3.0,2544.0,2590.0,1610612739.0,21500367,3,0,1
"(42254,)",1.0,122.0,94.0,3.0,0.0,3.0,201567.0,202684.0,1610612739.0,21500367,3,0,1
"(42255,)",0.0,139.0,102.0,2.0,2.0,2.0,2747.0,201567.0,1610612739.0,21500367,3,1,1
"(42257,)",1.0,108.0,77.0,3.0,3.0,3.0,2210.0,2590.0,1610612739.0,21500367,3,1,1
"(42260,)",0.0,143.0,0.0,0.0,0.0,3.0,2590.0,2590.0,1610612739.0,21500367,3,0,0
"(42262,)",0.0,46.0,37.0,3.0,3.0,3.0,202697.0,2544.0,1610612739.0,21500367,4,1,1
"(42264,)",1.0,89.0,15.0,2.0,2.0,2.0,2544.0,2590.0,1610612739.0,21500367,4,1,1
"(42265,)",1.0,148.0,119.0,0.0,0.0,2.0,202684.0,2590.0,1610612739.0,21500367,4,0,0
"(42266,)",0.0,75.0,61.0,2.0,0.0,2.0,2747.0,2544.0,1610612739.0,21500367,4,0,1
"(42269,)",1.0,47.0,23.0,2.0,2.0,2.0,201567.0,203521.0,1610612739.0,21500367,4,1,1
"(42272,)",0.0,98.0,78.0,2.0,0.0,2.0,201567.0,2747.0,1610612739.0,21500367,4,0,1
"(43574,)",1.0,88.0,71.0,3.0,3.0,3.0,2544.0,201567.0,1610612739.0,21500384,1,1,1
"(43580,)",1.0,65.0,49.0,2.0,2.0,2.0,202389.0,203521.0,1610612739.0,21500384,1,1,1
"(43582,)",1.0,127.0,111.0,3.0,3.0,3.0,203521.0,202389.0,1610612739.0,21500384,1,1,1
"(43586,)",1.0,106.0,59.0,3.0,3.0,3.0,2210.0,2544.0,1610612739.0,21500384,1,1,1
"(43588,)",1.0,86.0,59.0,2.0,0.0,2.0,2760.0,2210.0,1610612739.0,21500384,2,0,1
"(43589,)",0.0,63.0,12.0,0.0,0.0,3.0,2544.0,2210.0,1610612739.0,21500384,2,0,0
"(43590,)",1.0,51.0,14.0,3.0,0.0,3.0,201567.0,202684.0,1610612739.0,21500384,2,0,1
"(43593,)",0.0,83.0,59.0,2.0,0.0,2.0,201142.0,201566.0,1610612739.0,21500384,2,0,1
"(43595,)",0.0,83.0,25.0,2.0,2.0,2.0,2747.0,2210.0,1610612739.0,21500384,2,1,1
"(43596,)",1.0,44.0,2.0,2.0,2.0,2.0,202684.0,203521.0,1610612739.0,21500384,2,1,1
"(43599,)",1.0,49.0,0.0,2.0,0.0,2.0,202389.0,2544.0,1610612739.0,21500384,2,0,1
"(43600,)",1.0,41.0,0.0,2.0,0.0,2.0,2544.0,2544.0,1610612739.0,21500384,2,0,1
"(43601,)",0.0,61.0,33.0,0.0,0.0,2.0,2544.0,203521.0,1610612739.0,21500384,3,0,0
"(43602,)",1.0,42.0,18.0,2.0,2.0,2.0,2544.0,201567.0,1610612739.0,21500384,3,1,1
"(43604,)",0.0,89.0,25.0,0.0,0.0,2.0,201567.0,202389.0,1610612739.0,21500384,3,0,0
"(43606,)",1.0,49.0,0.0,2.0,0.0,2.0,203521.0,203521.0,1610612739.0,21500384,3,0,1
"(43608,)",0.0,53.0,29.0,2.0,2.0,2.0,201566.0,201586.0,1610612739.0,21500384,3,1,1
"(43609,)",1.0,51.0,42.0,2.0,2.0,2.0,202684.0,201567.0,1610612739.0,21500384,3,1,1
"(43611,)",0.0,119.0,95.0,0.0,0.0,2.0,202684.0,203099.0,1610612739.0,21500384,3,0,0
"(43613,)",0.0,93.0,0.0,0.0,0.0,2.0,201586.0,201571.0,1610612739.0,21500384,3,0,0
"(43616,)",1.0,102.0,93.0,3.0,0.0,3.0,203099.0,2210.0,1610612739.0,21500384,4,0,1
"(43621,)",0.0,0.0,0.0,2.0,0.0,2.0,201567.0,-1.0,1610612739.0,21500384,4,0,1
"(43622,)",0.0,87.0,0.0,2.0,0.0,3.0,2544.0,203521.0,1610612739.0,21500384,4,0,1
"(43625,)",0.0,147.0,95.0,3.0,3.0,3.0,201567.0,2544.0,1610612739.0,21500384,4,1,1
"(45541,)",1.0,83.0,39.0,2.0,0.0,2.0,202681.0,201567.0,1610612739.0,21500405,1,0,1
"(45546,)",0.0,111.0,103.0,2.0,2.0,2.0,201567.0,2747.0,1610612739.0,21500405,1,1,1
"(45549,)",1.0,0.0,0.0,2.0,0.0,2.0,202681.0,-1.0,1610612739.0,21500405,1,0,1
"(45551,)",1.0,38.0,20.0,3.0,0.0,3.0,203521.0,201567.0,1610612739.0,21500405,1,0,1
"(45558,)",0.0,55.0,0.0,0.0,0.0,3.0,201567.0,202697.0,1610612739.0,21500405,1,0,0
"(45560,)",1.0,38.0,7.0,2.0,0.0,2.0,2544.0,202684.0,1610612739.0,21500405,1,0,1
"(45561,)",1.0,129.0,90.0,2.0,2.0,2.0,202684.0,202697.0,1610612739.0,21500405,1,1,1
"(45563,)",1.0,70.0,0.0,2.0,2.0,2.0,202684.0,203521.0,1610612739.0,21500405,1,1,1
"(45566,)",1.0,64.0,0.0,2.0,0.0,2.0,202681.0,202697.0,1610612739.0,21500405,2,0,1
"(45567,)",1.0,133.0,126.0,3.0,3.0,3.0,2210.0,202697.0,1610612739.0,21500405,2,1,1
"(45568,)",0.0,69.0,49.0,2.0,0.0,2.0,202681.0,201567.0,1610612739.0,21500405,2,0,1
"(45572,)",0.0,63.0,47.0,2.0,2.0,2.0,2747.0,2760.0,1610612739.0,21500405,2,1,1
"(45574,)",0.0,94.0,33.0,3.0,0.0,3.0,2544.0,202681.0,1610612739.0,21500405,2,0,1
"(45578,)",0.0,49.0,19.0,2.0,2.0,2.0,203521.0,2544.0,1610612739.0,21500405,2,1,1
"(45580,)",1.0,49.0,13.0,2.0,0.0,2.0,2544.0,203521.0,1610612739.0,21500405,2,0,1
"(45583,)",0.0,53.0,28.0,2.0,0.0,2.0,2544.0,202684.0,1610612739.0,21500405,2,0,1
"(45587,)",1.0,125.0,33.0,3.0,0.0,3.0,202389.0,2544.0,1610612739.0,21500405,2,0,1
"(45589,)",1.0,0.0,0.0,3.0,0.0,3.0,203521.0,-1.0,1610612739.0,21500405,2,0,1
"(45593,)",1.0,24.0,0.0,2.0,0.0,2.0,202681.0,2544.0,1610612739.0,21500405,3,0,1
"(45598,)",0.0,103.0,59.0,3.0,0.0,3.0,201567.0,203521.0,1610612739.0,21500405,3,0,1
"(45599,)",1.0,9.0,0.0,2.0,2.0,2.0,2544.0,2544.0,1610612739.0,21500405,3,1,1
"(45602,)",1.0,16.0,0.0,2.0,0.0,2.0,202697.0,203521.0,1610612739.0,21500405,3,0,1
"(45603,)",1.0,35.0,0.0,2.0,0.0,2.0,203100.0,203924.0,1610612739.0,21500405,3,0,1
"(45604,)",0.0,32.0,0.0,2.0,0.0,2.0,202389.0,203521.0,1610612739.0,21500405,3,0,1
"(45606,)",0.0,69.0,0.0,3.0,0.0,3.0,2210.0,203521.0,1610612739.0,21500405,3,0,1
"(45608,)",1.0,59.0,44.0,3.0,3.0,3.0,203521.0,201567.0,1610612739.0,21500405,3,1,1
"(45609,)",1.0,109.0,69.0,3.0,3.0,3.0,202684.0,203521.0,1610612739.0,21500405,3,1,1
"(45611,)",0.0,29.0,0.0,2.0,0.0,2.0,202684.0,202697.0,1610612739.0,21500405,3,0,1
"(45614,)",0.0,0.0,0.0,2.0,2.0,2.0,202697.0,-1.0,1610612739.0,21500405,4,1,1
"(45617,)",0.0,109.0,42.0,2.0,0.0,2.0,202681.0,2592.0,1610612739.0,21500405,4,0,1
"(45620,)",1.0,0.0,0.0,3.0,3.0,3.0,202681.0,-1.0,1610612739.0,21500405,4,1,1
"(45621,)",1.0,41.0,0.0,3.0,0.0,3.0,2210.0,202681.0,1610612739.0,21500405,4,0,1
"(45622,)",1.0,77.0,59.0,2.0,0.0,2.0,2760.0,2592.0,1610612739.0,21500405,4,0,1
"(45624,)",1.0,107.0,85.0,2.0,0.0,2.0,2760.0,203099.0,1610612739.0,21500405,4,0,1
"(45625,)",0.0,19.0,0.0,0.0,0.0,3.0,201619.0,203099.0,1610612739.0,21500405,4,0,0
"(45626,)",1.0,50.0,37.0,2.0,2.0,2.0,201619.0,2592.0,1610612739.0,21500405,4,1,1
"(45630,)",0.0,0.0,0.0,2.0,0.0,2.0,203099.0,-1.0,1610612739.0,21500405,4,0,1
"(47495,)",0.0,91.0,57.0,2.0,0.0,2.0,202389.0,2544.0,1610612739.0,21500424,1,0,1
"(47496,)",0.0,45.0,35.0,0.0,0.0,2.0,2747.0,202681.0,1610612739.0,21500424,1,0,0
"(47497,)",0.0,99.0,15.0,2.0,2.0,2.0,202389.0,2544.0,1610612739.0,21500424,1,1,1
"(47500,)",1.0,44.0,19.0,2.0,2.0,2.0,2747.0,202681.0,1610612739.0,21500424,1,1,1
"(47502,)",1.0,108.0,90.0,2.0,2.0,2.0,202389.0,202681.0,1610612739.0,21500424,1,1,1
"(47503,)",0.0,79.0,68.0,2.0,0.0,2.0,204001.0,202498.0,1610612739.0,21500424,1,0,1
"(47506,)",0.0,86.0,0.0,2.0,0.0,2.0,202697.0,2544.0,1610612739.0,21500424,1,0,1
"(47513,)",0.0,35.0,24.0,2.0,2.0,2.0,201567.0,2590.0,1610612739.0,21500424,2,1,1
"(47514,)",1.0,69.0,0.0,2.0,0.0,2.0,2544.0,202681.0,1610612739.0,21500424,2,0,1
"(47515,)",0.0,0.0,0.0,2.0,0.0,2.0,203521.0,-1.0,1610612739.0,21500424,2,0,1
"(47517,)",1.0,63.0,44.0,3.0,0.0,3.0,2544.0,203521.0,1610612739.0,21500424,2,0,1
"(47519,)",0.0,52.0,0.0,2.0,2.0,2.0,2747.0,2747.0,1610612739.0,21500424,2,1,1
"(47520,)",1.0,53.0,0.0,2.0,0.0,2.0,2544.0,203521.0,1610612739.0,21500424,2,0,1
"(47522,)",1.0,61.0,29.0,2.0,2.0,2.0,2544.0,201567.0,1610612739.0,21500424,2,1,1
"(47523,)",1.0,17.0,3.0,2.0,0.0,2.0,2747.0,2544.0,1610612739.0,21500424,2,0,1
"(47524,)",0.0,64.0,50.0,2.0,0.0,2.0,202498.0,201167.0,1610612739.0,21500424,2,0,1
"(47529,)",1.0,51.0,45.0,2.0,0.0,2.0,201567.0,203521.0,1610612739.0,21500424,2,0,1
"(47531,)",1.0,93.0,61.0,2.0,0.0,2.0,202389.0,2544.0,1610612739.0,21500424,3,0,1
"(47534,)",1.0,102.0,93.0,2.0,2.0,2.0,2544.0,203521.0,1610612739.0,21500424,3,1,1
"(47535,)",1.0,156.0,105.0,0.0,0.0,2.0,202389.0,203521.0,1610612739.0,21500424,3,0,0
"(47536,)",1.0,115.0,65.0,0.0,0.0,2.0,202389.0,203521.0,1610612739.0,21500424,3,0,0
"(47541,)",1.0,13.0,0.0,3.0,0.0,3.0,203521.0,2590.0,1610612739.0,21500424,3,0,1
"(47542,)",0.0,0.0,0.0,3.0,0.0,3.0,2590.0,-1.0,1610612739.0,21500424,4,0,1
"(47544,)",1.0,123.0,94.0,3.0,0.0,3.0,203521.0,202684.0,1610612739.0,21500424,4,0,1
"(47546,)",1.0,0.0,0.0,2.0,0.0,2.0,2544.0,-1.0,1610612739.0,21500424,4,0,1
"(47548,)",1.0,112.0,101.0,2.0,2.0,2.0,203521.0,201567.0,1610612739.0,21500424,4,1,1
"(47550,)",0.0,180.0,175.0,2.0,0.0,2.0,202498.0,101181.0,1610612739.0,21500424,4,0,1
"(47551,)",0.0,0.0,0.0,0.0,0.0,2.0,2544.0,-1.0,1610612739.0,21500424,4,0,0
"(47552,)",1.0,53.0,0.0,2.0,2.0,2.0,2544.0,203521.0,1610612739.0,21500424,4,1,1
"(48146,)",1.0,120.0,101.0,2.0,0.0,2.0,201567.0,2747.0,1610612739.0,21500438,1,0,1
"(48147,)",1.0,49.0,0.0,3.0,0.0,3.0,201567.0,202681.0,1610612739.0,21500438,1,0,1
"(48148,)",1.0,130.0,82.0,2.0,0.0,2.0,2544.0,202681.0,1610612739.0,21500438,1,0,1
"(48149,)",1.0,60.0,45.0,2.0,2.0,2.0,2544.0,201567.0,1610612739.0,21500438,1,1,1
"(48151,)",1.0,51.0,41.0,3.0,3.0,3.0,2747.0,201567.0,1610612739.0,21500438,1,1,1
"(48153,)",1.0,165.0,79.0,3.0,0.0,3.0,201567.0,2544.0,1610612739.0,21500438,1,0,1
"(48154,)",0.0,104.0,67.0,0.0,0.0,3.0,202681.0,201567.0,1610612739.0,21500438,1,0,0
"(48156,)",1.0,67.0,50.0,3.0,0.0,3.0,203521.0,2544.0,1610612739.0,21500438,1,0,1
"(48157,)",0.0,83.0,39.0,0.0,0.0,3.0,203110.0,201939.0,1610612739.0,21500438,1,0,0
"(48158,)",1.0,69.0,56.0,3.0,0.0,3.0,202697.0,203521.0,1610612739.0,21500438,1,0,1
"(48160,)",0.0,31.0,0.0,0.0,0.0,2.0,2544.0,203521.0,1610612739.0,21500438,1,0,0
"(48161,)",1.0,0.0,0.0,3.0,0.0,3.0,2544.0,-1.0,1610612739.0,21500438,1,0,1
"(48164,)",0.0,21.0,0.0,3.0,0.0,3.0,2592.0,203521.0,1610612739.0,21500438,1,0,1
"(48169,)",1.0,45.0,0.0,2.0,2.0,2.0,203521.0,203521.0,1610612739.0,21500438,2,1,1
"(48172,)",0.0,48.0,42.0,0.0,0.0,2.0,201567.0,202681.0,1610612739.0,21500438,2,0,0
"(48175,)",1.0,47.0,41.0,2.0,0.0,2.0,201575.0,2571.0,1610612739.0,21500438,2,0,1
"(48176,)",1.0,56.0,0.0,0.0,0.0,3.0,202697.0,2544.0,1610612739.0,21500438,2,0,0
"(48178,)",1.0,25.0,0.0,2.0,2.0,2.0,2544.0,2544.0,1610612739.0,21500438,2,1,1
"(48179,)",0.0,45.0,25.0,2.0,0.0,2.0,2544.0,201567.0,1610612739.0,21500438,2,0,1
"(48180,)",1.0,0.0,0.0,2.0,2.0,3.0,202681.0,-1.0,1610612739.0,21500438,2,1,1
"(48184,)",1.0,60.0,42.0,3.0,0.0,3.0,2738.0,203110.0,1610612739.0,21500438,2,0,1
"(48189,)",0.0,55.0,19.0,2.0,2.0,2.0,202681.0,201567.0,1610612739.0,21500438,3,1,1
"(48190,)",0.0,84.0,71.0,3.0,0.0,3.0,202681.0,2544.0,1610612739.0,21500438,3,0,1
"(48194,)",0.0,120.0,115.0,3.0,0.0,3.0,2544.0,201567.0,1610612739.0,21500438,3,0,1
"(48196,)",1.0,52.0,35.0,2.0,2.0,2.0,2544.0,201567.0,1610612739.0,21500438,3,1,1
"(48198,)",0.0,67.0,48.0,3.0,3.0,3.0,2747.0,202684.0,1610612739.0,21500438,3,1,1
"(48199,)",0.0,156.0,129.0,2.0,2.0,2.0,201567.0,202697.0,1610612739.0,21500438,3,1,1
"(48200,)",1.0,53.0,0.0,2.0,0.0,2.0,2747.0,203521.0,1610612739.0,21500438,3,0,1
"(48201,)",0.0,96.0,67.0,2.0,2.0,2.0,2733.0,203110.0,1610612739.0,21500438,3,1,1
"(48204,)",1.0,72.0,11.0,2.0,0.0,2.0,2544.0,203521.0,1610612739.0,21500438,3,0,1
"(48205,)",0.0,110.0,52.0,2.0,0.0,2.0,202684.0,2544.0,1610612739.0,21500438,3,0,1
"(48206,)",0.0,66.0,0.0,2.0,0.0,2.0,2738.0,201939.0,1610612739.0,21500438,3,0,1
"(48208,)",0.0,125.0,0.0,0.0,0.0,3.0,2544.0,2544.0,1610612739.0,21500438,4,0,0
"(48209,)",0.0,146.0,66.0,2.0,2.0,2.0,203521.0,202681.0,1610612739.0,21500438,4,1,1
"(48214,)",0.0,111.0,87.0,2.0,0.0,2.0,203521.0,202681.0,1610612739.0,21500438,4,0,1
"(48215,)",1.0,134.0,120.0,0.0,0.0,2.0,201567.0,203521.0,1610612739.0,21500438,4,0,0
"(48217,)",0.0,69.0,25.0,2.0,2.0,2.0,202681.0,2544.0,1610612739.0,21500438,4,1,1
"(48220,)",1.0,0.0,0.0,2.0,2.0,2.0,2544.0,-1.0,1610612739.0,21500438,4,1,1
"(48221,)",1.0,50.0,42.0,3.0,3.0,3.0,2747.0,201567.0,1610612739.0,21500438,4,1,1
"(48222,)",1.0,47.0,42.0,2.0,0.0,2.0,2544.0,203521.0,1610612739.0,21500438,4,0,1
"(48690,)",0.0,99.0,60.0,3.0,0.0,3.0,2747.0,203521.0,1610612739.0,21500453,1,0,1
"(48692,)",1.0,55.0,7.0,3.0,0.0,3.0,201567.0,2747.0,1610612739.0,21500453,1,0,1
"(48694,)",0.0,163.0,109.0,2.0,0.0,2.0,2544.0,2747.0,1610612739.0,21500453,1,0,1
"(48695,)",1.0,27.0,0.0,0.0,0.0,3.0,201567.0,203521.0,1610612739.0,21500453,1,0,0
"(48698,)",1.0,63.0,47.0,2.0,0.0,2.0,2544.0,2747.0,1610612739.0,21500453,1,0,1
"(48701,)",1.0,148.0,57.0,0.0,0.0,2.0,202684.0,2544.0,1610612739.0,21500453,1,0,0
"(48703,)",1.0,85.0,30.0,2.0,0.0,2.0,201567.0,2544.0,1610612739.0,21500453,1,0,1
"(48704,)",0.0,75.0,53.0,3.0,0.0,3.0,2544.0,2747.0,1610612739.0,21500453,1,0,1
"(48706,)",0.0,0.0,0.0,2.0,0.0,2.0,2590.0,-1.0,1610612739.0,21500453,1,0,1
"(48707,)",0.0,35.0,0.0,0.0,0.0,2.0,2760.0,2590.0,1610612739.0,21500453,1,0,0
"(48708,)",1.0,48.0,0.0,2.0,2.0,2.0,2760.0,2590.0,1610612739.0,21500453,1,1,1
"(48712,)",1.0,123.0,87.0,3.0,0.0,3.0,202697.0,2590.0,1610612739.0,21500453,2,0,1
"(48715,)",0.0,140.0,74.0,3.0,0.0,3.0,202697.0,2590.0,1610612739.0,21500453,2,0,1
"(48717,)",1.0,125.0,57.0,3.0,0.0,3.0,2210.0,2544.0,1610612739.0,21500453,2,0,1
"(48721,)",1.0,92.0,38.0,3.0,3.0,3.0,203521.0,2544.0,1610612739.0,21500453,2,1,1
"(48725,)",0.0,57.0,21.0,2.0,0.0,2.0,203521.0,2544.0,1610612739.0,21500453,2,0,1
"(48726,)",0.0,57.0,21.0,2.0,0.0,2.0,203521.0,2544.0,1610612739.0,21500453,2,0,1
"(48727,)",1.0,110.0,70.0,3.0,3.0,3.0,201567.0,203521.0,1610612739.0,21500453,2,1,1
"(48728,)",0.0,139.0,93.0,3.0,3.0,3.0,201567.0,2544.0,1610612739.0,21500453,2,1,1
"(48729,)",1.0,42.0,0.0,3.0,3.0,3.0,202334.0,203468.0,1610612739.0,21500453,2,1,1
"(48730,)",0.0,67.0,37.0,3.0,0.0,3.0,203521.0,201567.0,1610612739.0,21500453,2,0,1
"(48733,)",1.0,83.0,50.0,2.0,0.0,2.0,202389.0,201567.0,1610612739.0,21500453,2,0,1
"(48735,)",0.0,63.0,22.0,2.0,0.0,2.0,2747.0,2544.0,1610612739.0,21500453,3,0,1
"(48740,)",0.0,63.0,0.0,3.0,0.0,3.0,2747.0,203521.0,1610612739.0,21500453,3,0,1
"(48742,)",1.0,55.0,40.0,3.0,0.0,3.0,2544.0,2747.0,1610612739.0,21500453,3,0,1
"(48745,)",0.0,45.0,0.0,3.0,0.0,3.0,201567.0,2544.0,1610612739.0,21500453,3,0,1
"(48747,)",0.0,142.0,81.0,0.0,0.0,3.0,203521.0,2544.0,1610612739.0,21500453,3,0,0
"(48748,)",0.0,130.0,122.0,2.0,0.0,2.0,202697.0,203521.0,1610612739.0,21500453,3,0,1
"(48750,)",0.0,52.0,5.0,2.0,2.0,2.0,203521.0,202684.0,1610612739.0,21500453,3,1,1
"(48752,)",1.0,102.0,57.0,3.0,3.0,3.0,2210.0,203521.0,1610612739.0,21500453,3,1,1
"(48753,)",1.0,44.0,37.0,3.0,0.0,3.0,203521.0,202697.0,1610612739.0,21500453,3,0,1
"(48757,)",0.0,27.0,9.0,3.0,3.0,3.0,202684.0,202697.0,1610612739.0,21500453,3,1,1
"(48758,)",0.0,77.0,39.0,2.0,0.0,2.0,201945.0,203468.0,1610612739.0,21500453,3,0,1
"(48759,)",0.0,0.0,0.0,0.0,0.0,2.0,2590.0,-1.0,1610612739.0,21500453,3,0,0
"(48760,)",0.0,0.0,0.0,2.0,0.0,2.0,2590.0,-1.0,1610612739.0,21500453,3,0,1
"(48763,)",0.0,39.0,0.0,2.0,0.0,2.0,2592.0,203099.0,1610612739.0,21500453,4,0,1
"(48765,)",1.0,101.0,8.0,3.0,3.0,3.0,2592.0,2760.0,1610612739.0,21500453,4,1,1
"(48769,)",1.0,112.0,84.0,3.0,0.0,3.0,2592.0,2760.0,1610612739.0,21500453,4,0,1
"(48771,)",0.0,107.0,66.0,2.0,0.0,2.0,2592.0,2210.0,1610612739.0,21500453,4,0,1
"(48773,)",0.0,0.0,0.0,2.0,2.0,2.0,204025.0,-1.0,1610612739.0,21500453,4,1,1
"(48774,)",1.0,0.0,0.0,0.0,0.0,2.0,203099.0,-1.0,1610612739.0,21500453,4,0,0
"(48775,)",0.0,8.0,0.0,2.0,0.0,2.0,201619.0,203099.0,1610612739.0,21500453,4,0,1
"(48776,)",0.0,0.0,0.0,0.0,0.0,2.0,202697.0,-1.0,1610612739.0,21500453,4,0,0
"(48777,)",0.0,82.0,72.0,0.0,0.0,3.0,2592.0,201619.0,1610612739.0,21500453,4,0,0
"(48779,)",0.0,0.0,0.0,0.0,0.0,2.0,204025.0,-1.0,1610612739.0,21500453,4,0,0
"(48780,)",0.0,0.0,0.0,2.0,2.0,2.0,203099.0,-1.0,1610612739.0,21500453,4,1,1
"(50113,)",0.0,97.0,63.0,3.0,3.0,3.0,2747.0,201567.0,1610612739.0,21500466,1,1,1
"(50114,)",0.0,116.0,63.0,2.0,2.0,2.0,201567.0,2544.0,1610612739.0,21500466,1,1,1
"(50117,)",1.0,109.0,49.0,3.0,0.0,3.0,2544.0,202681.0,1610612739.0,21500466,1,0,1
"(50120,)",0.0,101.0,72.0,2.0,0.0,2.0,201567.0,2747.0,1610612739.0,21500466,1,0,1
"(50124,)",1.0,33.0,18.0,0.0,0.0,2.0,202697.0,2747.0,1610612739.0,21500466,1,0,0
"(50131,)",0.0,87.0,10.0,2.0,0.0,2.0,202684.0,202697.0,1610612739.0,21500466,2,0,1
"(50132,)",1.0,94.0,15.0,3.0,3.0,3.0,2544.0,203521.0,1610612739.0,21500466,2,1,1
"(50135,)",1.0,107.0,66.0,3.0,3.0,3.0,201567.0,2544.0,1610612739.0,21500466,2,1,1
"(50136,)",0.0,57.0,0.0,0.0,0.0,2.0,201567.0,202681.0,1610612739.0,21500466,2,0,0
"(50137,)",0.0,7.0,0.0,3.0,3.0,2.0,2544.0,201567.0,1610612739.0,21500466,2,1,1
"(50140,)",1.0,65.0,0.0,3.0,0.0,3.0,2747.0,2544.0,1610612739.0,21500466,2,0,1
"(50141,)",1.0,47.0,0.0,2.0,2.0,2.0,202684.0,202681.0,1610612739.0,21500466,2,1,1
"(50144,)",1.0,0.0,0.0,2.0,2.0,2.0,202681.0,-1.0,1610612739.0,21500466,2,1,1
"(50149,)",1.0,46.0,36.0,3.0,3.0,3.0,201567.0,2747.0,1610612739.0,21500466,3,1,1
"(50153,)",1.0,100.0,53.0,3.0,0.0,3.0,2747.0,202684.0,1610612739.0,21500466,3,0,1
"(50154,)",0.0,91.0,62.0,3.0,3.0,3.0,2747.0,2544.0,1610612739.0,21500466,3,1,1
"(50155,)",0.0,103.0,95.0,3.0,0.0,3.0,2747.0,201567.0,1610612739.0,21500466,3,0,1
"(50156,)",0.0,102.0,47.0,3.0,3.0,3.0,2747.0,201567.0,1610612739.0,21500466,3,1,1
"(50159,)",1.0,35.0,0.0,2.0,0.0,2.0,201567.0,203521.0,1610612739.0,21500466,3,0,1
"(50160,)",0.0,46.0,36.0,2.0,0.0,2.0,2544.0,2747.0,1610612739.0,21500466,3,0,1
"(50161,)",0.0,149.0,142.0,3.0,0.0,2.0,2592.0,203521.0,1610612739.0,21500466,3,0,1
"(50163,)",1.0,97.0,77.0,0.0,0.0,3.0,203521.0,2747.0,1610612739.0,21500466,3,0,0
"(50165,)",1.0,143.0,114.0,0.0,0.0,2.0,202389.0,2592.0,1610612739.0,21500466,3,0,0
"(50168,)",0.0,133.0,113.0,2.0,0.0,2.0,202389.0,2592.0,1610612739.0,21500466,3,0,1
"(50170,)",0.0,86.0,44.0,0.0,0.0,2.0,101179.0,203458.0,1610612739.0,21500466,3,0,0
"(50171,)",0.0,101.0,56.0,3.0,0.0,2.0,2210.0,202681.0,1610612739.0,21500466,4,0,1
"(50172,)",1.0,0.0,0.0,3.0,0.0,3.0,202697.0,-1.0,1610612739.0,21500466,4,0,1
"(50173,)",1.0,13.0,7.0,3.0,0.0,3.0,202688.0,2199.0,1610612739.0,21500466,4,0,1
"(50177,)",1.0,88.0,63.0,3.0,3.0,3.0,202697.0,203521.0,1610612739.0,21500466,4,1,1
"(50179,)",0.0,0.0,0.0,2.0,0.0,2.0,2544.0,-1.0,1610612739.0,21500466,4,0,1
"(50182,)",1.0,74.0,0.0,2.0,2.0,2.0,202697.0,203521.0,1610612739.0,21500466,4,1,1
"(50184,)",0.0,119.0,102.0,0.0,0.0,2.0,203521.0,202684.0,1610612739.0,21500466,4,0,0
"(51003,)",1.0,32.0,0.0,2.0,0.0,2.0,203530.0,203123.0,1610612739.0,21500473,1,0,1
"(51005,)",1.0,60.0,33.0,2.0,2.0,2.0,2544.0,201567.0,1610612739.0,21500473,1,1,1
"(51006,)",1.0,24.0,0.0,2.0,2.0,2.0,2544.0,201567.0,1610612739.0,21500473,1,1,1
"(51007,)",0.0,110.0,89.0,2.0,0.0,2.0,201567.0,2747.0,1610612739.0,21500473,1,0,1
"(51008,)",0.0,70.0,48.0,2.0,2.0,2.0,2544.0,2747.0,1610612739.0,21500473,1,1,1
"(51012,)",0.0,66.0,41.0,3.0,0.0,3.0,2747.0,201567.0,1610612739.0,21500473,1,0,1
"(51013,)",0.0,75.0,65.0,3.0,0.0,3.0,201567.0,2544.0,1610612739.0,21500473,1,0,1
"(51014,)",1.0,75.0,34.0,3.0,0.0,3.0,201567.0,203521.0,1610612739.0,21500473,1,0,1
"(51017,)",0.0,69.0,0.0,2.0,2.0,2.0,201567.0,2590.0,1610612739.0,21500473,1,1,1
"(51018,)",0.0,16.0,0.0,2.0,2.0,2.0,201567.0,2590.0,1610612739.0,21500473,1,1,1
"(51019,)",0.0,67.0,44.0,2.0,0.0,2.0,201567.0,2747.0,1610612739.0,21500473,1,0,1
"(51028,)",0.0,72.0,29.0,0.0,0.0,2.0,2590.0,2544.0,1610612739.0,21500473,2,0,0
"(51031,)",0.0,106.0,78.0,2.0,0.0,2.0,203521.0,2544.0,1610612739.0,21500473,2,0,1
"(51040,)",0.0,66.0,46.0,2.0,2.0,2.0,202697.0,2747.0,1610612739.0,21500473,2,1,1
"(51043,)",1.0,0.0,0.0,2.0,0.0,2.0,2590.0,-1.0,1610612739.0,21500473,2,0,1
"(51046,)",1.0,55.0,39.0,0.0,0.0,2.0,2544.0,203521.0,1610612739.0,21500473,3,0,0
"(51049,)",1.0,48.0,0.0,0.0,0.0,2.0,203530.0,203914.0,1610612739.0,21500473,3,0,0
"(51051,)",0.0,89.0,38.0,2.0,2.0,2.0,2747.0,201567.0,1610612739.0,21500473,3,1,1
"(51054,)",0.0,53.0,0.0,2.0,0.0,2.0,201567.0,2747.0,1610612739.0,21500473,3,0,1
"(51055,)",0.0,0.0,0.0,0.0,0.0,2.0,2590.0,-1.0,1610612739.0,21500473,3,0,0
"(51058,)",0.0,127.0,103.0,2.0,0.0,2.0,202389.0,2590.0,1610612739.0,21500473,3,0,1
"(51060,)",0.0,56.0,26.0,2.0,2.0,2.0,2747.0,2210.0,1610612739.0,21500473,3,1,1
"(51061,)",0.0,65.0,0.0,3.0,0.0,3.0,2747.0,2590.0,1610612739.0,21500473,3,0,1
"(51063,)",0.0,141.0,131.0,2.0,2.0,2.0,2747.0,2590.0,1610612739.0,21500473,3,1,1
"(51064,)",0.0,88.0,77.0,2.0,2.0,2.0,2747.0,2590.0,1610612739.0,21500473,3,1,1
"(51066,)",1.0,80.0,75.0,3.0,0.0,3.0,201567.0,202697.0,1610612739.0,21500473,4,0,1
"(51067,)",1.0,31.0,6.0,2.0,2.0,2.0,2544.0,202389.0,1610612739.0,21500473,4,1,1
"(51069,)",0.0,133.0,116.0,2.0,0.0,2.0,203521.0,201567.0,1610612739.0,21500473,4,0,1
"(51071,)",1.0,101.0,39.0,3.0,0.0,3.0,203521.0,2544.0,1610612739.0,21500473,4,0,1
"(51072,)",1.0,0.0,0.0,2.0,2.0,2.0,203521.0,-1.0,1610612739.0,21500473,4,1,1
"(51075,)",1.0,102.0,71.0,3.0,0.0,3.0,2034.0,203999.0,1610612739.0,21500473,4,0,1
"(51081,)",0.0,57.0,0.0,2.0,0.0,2.0,2544.0,2544.0,1610612739.0,21500473,4,0,1
"(51082,)",0.0,117.0,0.0,0.0,0.0,3.0,2544.0,2544.0,1610612739.0,21500473,4,0,0
"(51084,)",0.0,8.0,0.0,3.0,0.0,3.0,203521.0,2544.0,1610612739.0,21500473,4,0,1
"(52791,)",0.0,63.0,0.0,0.0,0.0,2.0,2210.0,2590.0,1610612739.0,21500291,2,0,0
"(52796,)",0.0,59.0,15.0,3.0,0.0,3.0,203521.0,203099.0,1610612739.0,21500291,2,0,1
"(52799,)",0.0,42.0,10.0,2.0,2.0,2.0,2747.0,202389.0,1610612739.0,21500291,2,1,1
"(52800,)",1.0,66.0,0.0,2.0,0.0,2.0,202389.0,203521.0,1610612739.0,21500291,2,0,1
"(52803,)",0.0,0.0,0.0,0.0,0.0,2.0,203099.0,-1.0,1610612739.0,21500291,2,0,0
"(52804,)",1.0,74.0,30.0,3.0,0.0,3.0,201567.0,203521.0,1610612739.0,21500291,3,0,1
"(52805,)",0.0,131.0,14.0,0.0,0.0,2.0,202389.0,2210.0,1610612739.0,21500291,3,0,0
"(52811,)",0.0,137.0,104.0,2.0,2.0,2.0,2210.0,201567.0,1610612739.0,21500291,3,1,1
"(52812,)",1.0,129.0,109.0,3.0,3.0,3.0,2590.0,2592.0,1610612739.0,21500291,3,1,1
"(52814,)",0.0,85.0,78.0,2.0,0.0,2.0,203521.0,203099.0,1610612739.0,21500291,4,0,1
"(52815,)",1.0,47.0,0.0,2.0,2.0,2.0,202684.0,203521.0,1610612739.0,21500291,4,1,1
"(52817,)",1.0,67.0,8.0,2.0,0.0,2.0,2210.0,203521.0,1610612739.0,21500291,4,0,1
"(52818,)",1.0,0.0,0.0,2.0,0.0,2.0,2210.0,-1.0,1610612739.0,21500291,4,0,1
"(52827,)",0.0,71.0,12.0,3.0,3.0,3.0,2592.0,2210.0,1610612739.0,21500291,4,1,1
"(52828,)",1.0,58.0,28.0,2.0,0.0,2.0,2617.0,2547.0,1610612739.0,21500291,4,0,1
