"id","tid","label","geom"
0,0,"0","LINESTRING(125.5 16.5,124.5 17.1,123 17.7,121.7 18.4,120.5 19.1,118.9 20.1,117.5 21,116.8 21.6,116.3 22.2,115.4 23,114.7 23.6,114.2 24,113.8 24.4,113.3 24.8,112.8 25.2,112.3 25.5,111.7 25.7,111.2 25.8,110.8 25.7,110.3 25.6,109.6 25.4,108.6 25.3,107.6 25.3,106.8 25.5,106.2 26.1,105.6 26.8,105.1 27.5,104.6 28.2,104.2 28.9,103.9 29.9,103.8 31,104 31.9,104.3 32.8,105.2 34.5,107.1 36.5,108.6 37.9,110.5 39.4,113 41.8,115.7 44.2,118 46,120.4 47.9,123.2 49.8,126 51.8,129.3 53.6)"
1,1,"0","LINESTRING(139.9 15.6,138.9 15.7,137.7 15.7,136.6 15.8,135.5 15.9,134.5 16.1,133.1 16.6,131.7 17.3,130.6 18.1,129.8 18.9,129.2 19.5,128.7 19.9,128.2 20.2,127.7 20.5,127 21,126.3 21.4,125.7 21.8,125.3 22,124.9 22.2,124.6 22.4,124.3 22.5,123.8 22.7,123.1 22.8,122.4 23.1,121.7 23.5,121 24,120.6 24.6,120.3 25.5,120.2 26.6,120.3 28.3,120.9 30.6,122.3 33,124.1 35,126.3 36.8,128.8 38.2,131.5 39.3,137.2 41.9)"
2,2,"1","LINESTRING(90.8 27.5,89.2 27.5,88.1 27,87.9 26.7,87.8 26.5,87.7 26.3,87.8 26.1,88.9 25.4,90.6 25.3,91.8 25.7,93 26.1,93.9 26.5,94.8 27.1,96.1 28.2,97 29.8,96.9 30.1)"
3,3,"0","LINESTRING(134.3 12.2,133.8 12.3,133.2 12.4,132.5 12.6,131.6 12.8,130.8 13,130.1 13.2,129.4 13.4,128.7 13.6,127.8 13.8,126.5 14,124.7 14.3,122.8 14.6,121 14.9,119.3 15.2,117.5 15.4,115.2 15.7,113 16,111.3 16.1,109.7 16.2,107.9 16.4,106.1 16.8,104.3 17.4,102.6 18.1,101.1 18.2,99.5 18.2,98.3 18.5,96.9 19,95.9 19.3,95 19.5,93.9 19.8,92.8 20.2,91.6 20.6,90.3 21.1,89.1 21.4,88 21.6,87 21.6,86.2 21.6,85.7 21.6,85.1 21.7,84.2 21.8,83.3 22,82.7 22.1,82 22.2,81.3 22.3,80.6 22.5,80.1 21.9)"
4,4,"1","LINESTRING(101.8 14.3,101.2 15,100.5 15.6,99.8 16.2,99 16.7,98.2 17.3,97.8 17.9,97.9 18.5,98.2 19.1,98.5 19.7,98.7 20.1,98.8 20.4,98.7 20.7,98.4 20.9,98 21,97.7 21.1,97.4 21.1,97.1 21.2,96.8 21.5,96.7 22,96.6 22.5,96.5 23,96.4 23.6)"
5,5,"1","LINESTRING(104.4 28.1,104.7 29.4,105.2 30.6,105.8 31.4,106.4 31.9,107 32.2,107.7 32.4,108.4 32.7,109.3 33.1,110.1 33.5,110.2 33.9,109.6 34.2,108.7 34.2,107.8 34,107.5 33.5,107.4 32.8,107.7 31.9,108.2 31,108.9 30.3,109.3 29.8,110.1 29.4,110.7 29.2,115 29)"
6,6,"1","LINESTRING(129 14,128.4 14.8,128.1 15.2,127.7 15.5,127.2 15.9,126.6 16.2,126 16.6,125.4 17,125 17.5,124.6 18,124.1 18.7,123.6 19.3,123.1 19.8,122.7 20.2,122.3 20.7,121.9 21.3,121.3 21.7)"
7,7,"0","LINESTRING(102.4 11.8,101.7 12.5,100.9 13.3,100.1 14.2,99.3 15,98.8 15.4,98.5 15.7,98.1 16.3,97.8 16.8,97.7 17.3,97.7 17.7,97.7 18,97.8 18.4,97.9 18.9,98 19.5,98.2 20.1,98.5 20.8,99 21.8,99.5 22.8,99.9 23.5,100.4 24.1,101.2 24.6,102.2 24.8,103.2 24.7,104.1 24.6,104.9 24.4,105.5 24.4,106 25.3,105.6 26.3,106.5 27.3,107.9 28.2,110.4 29.6,111 31.7)"
8,8,"0","LINESTRING(159.5 16,158.4 15.3,157.2 14.6,156 13.9,154.7 13.2,153.3 12.6,151.9 12,150.5 11.4,149.3 10.9,147.9 10.7,146.1 10.6,144.2 10.6,142.3 10.6,140.4 10.6,138.6 10.8,137 11.3,135.7 11.9,134.4 12.5,133.1 13.1,131.9 13.6,130.5 14.2,129 15,126.3 16.1,123.7 17.3,122.5 18.1,121.3 18.9,120 19.9,118.7 21,117.5 22.3,116.5 23.7,115.7 25,114.9 26.3,113.9 27.8,112.9 29.2,112.4 29.9,112 30.5,111.2 31.6,110.4 33,109.4 35,109.2 37.2,109.7 38.6,110.7 40.3,112.7 43.3,114.8 46.4,117 49.1,119.2 51.8,121.6 54.5,123.8 57,125.9 59.5,128 61.8)"
9,9,"1","LINESTRING(144.5 13.1,143 13.5,141.5 13.8,140 14.1,138.6 14.6,137.2 14.8,135.8 14.6,134.7 14.3,134.2 14.1,133.9 13.8,133.3 13.3,132.8 12.8,132.4 12.4,132 12.1,131.7 11.7)"
10,10,"1","LINESTRING(86 22,85.1 23.1,84.3 24,83.5 24.4,82.8 24.9,81.7 26,80.8 27.1,80.2 27.8,79.7 28.5,79.2 29.2)"
11,11,"1","LINESTRING(85.3 20.9,84.9 21,84.5 21,84.1 20.8,83.7 20.5,83.2 20.3,82.6 19.8)"
12,12,"0","LINESTRING(120.8 12.4,119.8 12.7,118.9 12.8,117.9 12.9,116.9 13.1,115.9 13.2,114.9 13.3,113.9 13.3,112.8 13.3,111.8 13.3,110.9 13.3,110.1 13.4,109.1 13.5,108.1 13.6,107.5 13.6,106.9 13.6,106.3 13.6,105.8 13.7,105.2 13.9,104.7 14.2,104.4 14.6,104.4 15,104.4 15.4,104.5 15.7,104.7 16.1,104.9 16.5,105.2 17.1,105.6 17.7,105.9 18.2,106.2 18.7,106.5 19.3,106.7 19.9,106.8 20.5,106.8 21,106.7 21.6,106.5 22.6,106.1 24,105.4 25.5,104.3 27,103.2 28.6,102.2 30.2,101.3 32.8,101.8 36.8,102.6 41,101.4 45.2,100 48.8,100 50.7,100.1 51.7,100.8 52.8,101.8 54,103.8 55.6,107 57,110.6 58.1,114.9 58.8)"
13,13,"1","LINESTRING(129.1 22.1,128.4 22,127.6 21.6,126.7 21.3,125.7 21,124.8 20.6,124 20.3,123.2 20.1,122.6 19.9,121.9 19.7,120.8 19.3,119.5 18.8,118.4 18.4,117.6 18,117.2 17.8,116.8 17.6,116.4 17.3,116 17,115.3 16.5,114.7 16,114.8 15.5,115.1 15.1,115.6 14.7,116 14.4,116.4 14,116.7 13.6,116.9 13.3,117 13,117 12.8)"
27,27,"1","LINESTRING(101.5 29.6,101.7 29.8,101.8 30,102 30.3,102.1 30.6,102.4 30.9,102.7 31.2,102.9 31.5,103 31.7,103.2 32.1,103.1 32.4,102.5 32.4,101.8 32.3,101.2 32.3,100.7 32.4,100.2 33,99.8 33.7,99.7 34.1,100.1 34.5,100.8 35.1,102.1 35.9,103.8 37,105.7 38.2,107.6 39.5,109.7 41.2,112.3 43.5,115.1 45.8,118 48,120.9 50.2,123.8 52.4)"
14,14,"0","LINESTRING(144.4 15.3,140.8 15.7,137.3 16.1,134.7 16.4,133 16.7,131.3 17,129.1 17.4,127 17.7,125.1 18,123.4 18.3,122.3 18.7,121.2 19,119.7 19.3,118.1 19.6,116.4 19.7,114.8 20.2,113.3 20.9,112 22,110.9 22.9,110 23.9,109.2 25,108.5 26.2,108 27.3,107.4 28.3,106.8 29.2,106.3 29.7,105.8 30,105.4 30.4,105.1 30.6,104.7 30.8,104 30.9,103.2 31.1,103.1 31.5,103 32.1,103 32.8,103 33.6,103.4 34.2,103.8 34.8,104 35.6,104.1 36.6,104.1 37.9,103.6 39.2,102.6 40.7,101.3 42,99.8 42.9,98.4 43.7,97.4 44.5,97 45.4,97 46.3)"
15,15,"1","LINESTRING(85.9 20.6,85.4 21.5,84.8 22.3,84.1 23.1,83.3 23.6,82.7 23.4,82.3 22.8,82.2 22.1,82.2 21.5,82.2 20.7)"
16,16,"1","LINESTRING(87.3 20.6,86.5 20.8,85.5 21,84.5 21.2,83.3 21.5,81.6 21.9,81.1 22)"
17,17,"1","LINESTRING(92.5 17.4,92 18,91.6 18.9,91.1 19.9,90.7 21.1,90.2 22.2,89.8 23.1,89.4 24,89.1 24.9,89 25.7,89 26.9,89.4 28.1,90.2 28.9,91.3 29.5,92.5 30,93.6 30.4,94.4 30.7,95.6 31.2,97 32,98.4 32.8,99.9 33.6,101.1 34.4,101.6 34.8,102 35,102.4 35.1,102.8 35.3,103.5 35.8,104.8 36.7,107.5 38.2,110.4 39.6,111.9 40.1,113.3 40.1,115.5 39.9,117.3 39.7,118.2 39.2,119.1 38.9,120 38.8,120.9 38.7,121.8 38.9)"
18,18,"0","LINESTRING(104.5 17.8,104.7 17.2,104.9 17.5,105.1 18.2,105.3 19.2,105.5 20.4,105.6 21.7,105.7 23.1,106.5 24.5,107.5 25.9,107.8 27.6,107.7 29,106.3 29.4,106.5 28.1,107.1 27.3,107.7 26.5,107.9 25.8,108.2 25.2,108.6 24.6,109.3 24,110.4 23.3,111.7 22.6,113.1 21.9,114.7 22.2,116.8 23.7,119 25.3,120.9 26.8,122.9 28.3,125.5 29.5,128.8 30.6,132.4 31.9,137.4 33.3,142.3 34.5)"
19,19,"0","LINESTRING(86.7 21.6,86.6 22,86.5 22.6,86.4 23.2,86.3 23.9,86.3 24.7,86.2 25.5,86.2 26.5,86.2 27.9,86.2 29.3,86.5 30.7,87.2 32,88.4 33.3,90.5 34.5,93.9 36.5,99.1 39.4,102.9 43.7)"
20,20,"0","LINESTRING(158.3 13,157.8 13,156.9 13,156 13.1,155 13.4,154.1 13.7,153.2 13.9,152.3 14.1,151.4 14.3,150.4 14.5,149.4 14.5,148.5 14.4,147.4 14.5,146.3 14.7,145.4 14.9,144.6 15.2,143.5 15.4,142.5 15.7,141.7 15.9,140.9 16.2,140 16.4,139 16.7,138 17,137.1 17.4,136.1 17.7,135 18,134.3 18,133.5 18,132.7 18.1,131.8 18.3,131 18.6,130.3 19,129.5 19.2,128.7 19.5,128 19.9,127.5 20.4,127.3 20.7,127.3 21,127.3 21.5,127.3 21.9,127.3 22.4,127.3 22.8,127.3 23.3,127.4 24,127.5 24.7,127.6 25.4,127.6 26.2,127.5 27,127.3 27.6,126.8 28.1,125.9 28.4,124.7 28.8,123.3 29.5,122 30.2,121.1 31,120.3 31.7,119.2 32.2,118 32.7,117.1 33.5,116.4 34.2,115.9 34.7,116.2 35.2,117.1 35.7,118.2 36.1,119.3 36.2,120.5 35.9,122 35.5,123.6 35.2,124.8 34.9,126.1 34.7,127.8 34.5,129.6 34.4,130.8 34.3,132.2 34.1,134.1 34.2,136 34.5,137.9 34.6,139.9 34.7,142 35,144.4 35.7,147.2 36.8,150.5 38.4,154.7 40.4,158.1 42.3,160.1 44,162.2 45.6,164.4 47.5,166.3 48.9,168 50,169.2 51.2,170.6 52.2)"
21,21,"1","LINESTRING(114.2 31.7,114.4 30.8,114.4 30,114.2 29.2,114 28.6,113.8 28.2,113.5 27.8,112.4 27.5,110.9 27.2,109.7 27.1,108.8 27.1,108.3 27.2,108 27.8,107.8 28.8,107.7 29.8,108 30.8,108.7 31.8,109.7 32.8,111.2 33.8,113 35,114.8 36.4,116.6 37.7,118.4 39,120.3 40.2,122.2 41.4,123.8 42.5,125.5 44,127.2 46.3,128.8 48.5)"
22,22,"1","LINESTRING(135.2 10.1,133.8 10.6,132.5 11.1,131.4 11.6,130.2 12.2,128.1 13.3,125.9 14.5,124.3 15.6,122.9 16.6,121.7 17.5,120.4 18.4,119 19.5,117.7 20.6,116.6 21.3,115.8 21.9,115.2 22.6,114.7 23,114.4 23.1,114.2 23.3,114.1 23.5,114 23.6,113.8 23.8,113.5 24.1,113.2 24.7,112.9 25.5,112.9 26.4,113.1 27.2,113.3 27.6,113.8 28,114.7 28.9,115.7 29.7,116.8 30.2,117.9 30.7,118.7 31.3)"
23,23,"0","LINESTRING(128.5 18.5,125.8 19,123.7 19.5,121.7 20.1,119.8 20.7,118.1 21.3,116.5 21.9,115.2 22.5,114.2 23,113.1 23.4,111.8 24,110.4 24.7,109.1 25.7,108 26.7,107.1 27.2,106.6 27.7,106.4 28.3,106.1 28.8,105.7 29.2,105.2 29.6,104.6 29.9,103.9 30.3,102.9 31,101.9 31.7,101.5 32.4,101.8 33.1,102.5 33.9,104.2 34.8,106.8 35.8,109.5 36.9,111.7 38,114.1 39,118.1 41.7,121 45.7,123.4 49,127.6 52,131.2 53.9,135 55,138.9 56.2,142.7 57,145.5 57.3,148 57.5,151.1 57.7,154.5 57.5,158.8 56.1,162.7 54.3,164.6 53.1,165.8 52.2,166.6 51.8,167.5 51.4,169.6 51,172.7 50.5,175.1 51.6)"
24,24,"0","LINESTRING(129.2 17.3,127.9 17.7,125.7 18.1,124.3 18.3,123.6 18.4,122.9 18.5,122.1 18.7,121.2 19,120.2 19.4,119.3 20,118.9 20.7,118.8 21.4,118.7 21.9,118.7 22.3,118.8 23.2,118.9 24.5,118.5 26.2,118.1 28,118.4 29.5,119.2 31,120.5 32.8,122.4 34.8,125.1 37.1,128.7 39.9,132.2 43.1)"
25,25,"1","LINESTRING(98.7 19.2,98.4 20,98.5 20.9,99 21.8,99.9 22.5,100.9 23.3,102.2 24.6,103.4 26,104.4 27.2,105 28.2,105.3 28.7,105.5 29.2,105.8 30,106.2 30.8,106.7 31.5,107.4 32,108.1 32.1,109 32.2,110.3 32.7,111.8 33.3,113 34.1,114.2 35,116.1 36,118.5 37,121 38.1,124 39.3,128.7 41.2,133.9 43.3,137.8 44.9,141.8 46.2,146.5 47.2,151.8 48,156.5 48.7)"
26,26,"1","LINESTRING(93.3 25.6,96.5 27.2,99.7 28.8,102.3 30.4,104.9 32.2,109.5 35,114.7 38.4,117.9 41.2,119.4 43.7,119 45.3,117.2 46,117.8 45.6,119.8 45.4,123 46.3,126.3 47.3,130.2 48.6)"
28,28,"1","LINESTRING(87.9 26.9,87.4 27.2,86.9 27.5,86.3 27.6,85.6 27.6,85 27.9,84.6 28.3,84.7 28.5,84.9 28.8,84.9 29.2,84.9 29.6,84.9 30.1,84.9 30.6,84.8 31.3,84.6 32.1,84.4 33.1,84 34.1,83.2 35,82.3 35.8,81.6 36.2,80.5 36.3,79.7 36.4)"
29,29,"1","LINESTRING(134.2 16.8,133.5 18,133.3 19.5,133.5 20.8,134 22,134.6 23.1,135.3 24.3,136.1 25.6,137.3 27.1,138.7 28.7,140.2 30.3,142.4 31.9,145.8 34,149.3 36.2,152.7 37.5,155.9 38.7,157.1 41.8,157.1 45,155.9 46.5,153.7 47,151.2 48.4)"
30,30,"0","LINESTRING(111.4 19.7,110.1 19.9,108.7 20.1,107.3 20.3,106 20.6,105.5 21.2,105.9 21.8,106.4 22.2,106.8 22.6,107 23.3,107.1 23.9,107 24.4,106.7 24.8,106.1 25.3,105.4 25.8,105 26.1,104.7 26.3,104.6 26.8,104.6 27.3,104.8 27.8,105 28.1,105.3 28,105.6 27.7,106 27.7,106.4 27.7,106.8 27.7,106.9 27.8,106.5 28,106 28.2,105.5 28.5,105 28.7,104.4 28.9,103.7 29,102.9 29.4,102.1 29.9,101.3 30.5,100.4 31.3,99.6 32.4,98.9 33.6,98.5 34.9,98.3 36.2,98.3 37.7,99 39.3,100.9 40.6,103.3 41.7,105.7 42.5,108.4 42.9,112 43,116.6 42.8,120.8 42.8)"
31,31,"1","LINESTRING(94.9 21.2,95 23.1,96 24.7,96.7 25.9,97.6 26.7,99.6 27,102.8 27.3,106.4 28.3,110 29.4,113.6 30.3,117.1 30.9,119.4 30.9,120.9 30.9,122.7 31.1,124.1 31.3,125 31.5,125.8 31.7,127.7 32.5)"
32,32,"1","LINESTRING(104.5 24.4,105.5 25.1,106.6 25.9,107.3 26.7,108.2 27.8,109 29.3,109.8 31,110.6 33.1,111.4 35.4,112.2 37.7,113.2 40,114.6 42.2,116.6 43.6,119.5 44.2,122 44.4)"
33,33,"0","LINESTRING(138.3 13.3,137.2 13.8,136.4 14.3,135.5 14.8,134.4 15.2,133.3 15.9,131.9 17,130.9 18.2,130.2 19.5,129.8 20.5,129.8 22,129.4 23.2,128.6 24.5,127.7 25.6,127.1 26.9,125.9 28.5,124.9 29.9,123.9 30.9,123.2 32.4,122.8 33.1,122.2 33.7,121.7 34.2,121.3 34.6,121 35,120.3 35.3,120 35.6,120.1 35.9,120.4 36.1,120.7 36.2,121.4 36.6,122.1 37.6,123.9 38.8,125.6 38.8,127.7 39.2,130.3 39.8,134.2 40.9,138.8 42.8,141.5 44.7,147 47.7,153.5 50.8,159.5 54.8)"
34,34,"0","LINESTRING(147.9 11.7,146.1 12.4,144.7 13.5,143.3 14.4,141.9 15.2,140.6 16,139.2 16.8,138 17.6,136.9 18.4,135.8 19.1,134.7 19.6,133.6 19.8,132.6 20,131.6 20.1,130.6 20.2,129.5 20.3,128.7 20.5,127.9 20.7,126.6 21.1,125.3 21.6,123.9 21.8,122.6 22,121.3 22.3,120 22.7,118.7 23.3,117.4 23.8,116.1 24.1,114.8 24.4,113.8 24.8,113.1 25.4,112.2 26.1,111.4 27,110.6 28,109.9 29,109 30,108.1 31,107.4 32,106.9 33,106.6 34,106.7 35,107 36.3,107.5 37.8,108.2 39.2,108.9 40.4,109.3 40.9,109.9 40.9,110.9 40.9,112.1 40.8,113.4 40.4,114.6 39.7,115.2 38.8,115.1 37.9,114.7 37,114.1 36.1,113.4 35.6,112.6 35.7,111.6 36.1,110.5 36.7,109.8 37.4,109.5 38.1,109.5 38.9,109.7 40,109.9 42.2,110.2 44.7,110.8 46.6,111.7 48.2,113 50)"
35,35,"1","LINESTRING(118 17,119 19.3,120 21,121 22.3,122 23.8,122.8 24.8,123.2 26,124.4 26.7,125.5 26.9,127.1 27,128.7 27,131.1 27,133 27,134 26,135 25.7,136.2 25.9,136.8 26.5,136.5 27.6,133 28.8,130.9 28.4,129 28,127.7 28.3,127.6 28.5,127.5 28.7,127.2 28.8,128.1 29.7,128.3 30.4,129.1 31.1,129.6 31.8,130.7 32.4,131.4 32.7,132.5 33.2,133.5 33.8,134.2 34.5)"
36,36,"1","LINESTRING(86.3 26.7,86.1 27.3,86.1 28,85.9 28.7,85.6 29.4,85.6 29.8,85.4 30,85.1 30.1,84.8 30.1,84.4 29.9,84 29.5,83.6 29.2,83 28.7,82.6 28.4,81.9 27.8)"
37,37,"1","LINESTRING(141.7 14.4,140.2 15,138.8 15.7,137.4 16.4,136 17.2,134.7 17.9,133.3 18.8,132.1 19.9,131.5 20.9,131.2 21.9,131.1 23,131.1 23.8,131.2 24.6,131.3 25.3,131.5 26,131.8 26.6,132.1 27.3,132.3 28,132.5 28.8,132.5 30.2,132.1 31.7,131.6 33.4,132 35.4)"
38,38,"0","LINESTRING(147 8,145.2 8.1,143.5 8.2,141.7 8.3,140 8.5,138.4 8.7,136.8 8.8,135.3 9,133.7 9.2,132.1 9.5,130.5 9.8,128.9 9.9,127.2 10,125.6 10.1,124 10.3,122.4 10.4,120.9 10.7,119.3 11.2,118 11.6,116.7 12,115.2 12.5,114 13,112.7 13.6,111.7 14.1,110.8 14.6,110 15.1,109.4 15.5,108.6 15.9,108 16.5,107.5 17.1,106.9 18,105.8 19.1,105.5 19.3,105.1 20.3,104.1 20.8,103.5 20.8,103.2 20.8,103 20.5,102.6 20.4,102.4 20.3,102.1 20.2,101.9 20.5,101.7 20.6,101.8 20.7,101.9 20.8,102 21,102.3 21.3,103 21.2,103.8 21.1,104.6 21.5,105.6 21.7,107.2 22.3,108.4 23.5,110 25,111.7 26,113.5 27.1,115.1 28.1,117.8 29.9,120.2 32.2,121.7 34.3,123 36.2,124 38.3,126 40.1,128 42,130.2 43.5,132.5 45.2,135 47,137.2 49.2,139 51.5)"
39,39,"0","LINESTRING(135.7 13.1,133.2 13.4,130.9 13.7,128.7 14.1,126.5 14.4,124.3 14.9,122.2 15.3,120.3 15.7,118.1 16,116.6 16.2,115 16.3,113.4 16.5,112 16.7,110.5 16.7,109.4 16.9,108.2 17.1,106.9 17.8,105.4 18.4,104.4 18.9,103.4 19.4,102.4 20,101.6 20.8,101.1 21.5,100.8 22.4,100.4 23.7,100.4 24.6,100.1 25.5,99.8 26.3,99.4 27.2,99.3 27.8,99.1 28.4,98.8 29.5,98.7 30.2,98.7 30.8,98.7 31.4,98.6 32,98.4 32.4,98.1 32.9,97.9 33.3,98 34,98.5 34.6,98.9 35.1,99.7 35.6,100.5 36,101.7 36.3,103 36.5,104 36.3,104.8 35.8,105.8 35.3,106.8 35,107.9 35.2,108.9 35.4,110.9 35.8,112.5 35.9,114.6 36.5,116.5 37.1,119 37.8,123.1 38.7,127 41,129.5 44.7,130.2 46.9,130.5 48.8,131.2 51.3,132 53.5)"
40,40,"0","LINESTRING(162 14,160 13.6,158 13.1,156 12.8,154 12.4,152.5 12.1,150.4 11.8,148.3 11.7,146.7 11.5,145 11.4,143 11.2,141 11.1,139 11,137.5 11.1,136 11.3,134.5 11.5,133 11.7,131.3 12.7,130.4 13.3,128.8 14.2,127 15.3,125.1 16.5,123.5 17.8,122.7 18.2,122 18.7,121.1 19.6,120.5 20.5,120.1 21.1,119.7 21.6,119.2 22.2,118.8 22.8,118.4 23.4,117.9 24,117.1 24.8,116.4 25.5,115.6 26.1,114.8 26.7,113.9 27.1,113 27.4,112.1 27.8,111 28,109.8 28.1,108.2 28.2,107 28.5,105.6 28.6,104.1 28.6,102.6 28.8,101.7 29,100.6 29.4,100 29.7,99.3 29.8,98.6 29.9,97.6 30,96.9 30.1,96.5 30.1,96 30.2,95.5 30.5,95.1 31.1,95 31.5,95.2 31.6,95.4 31.5,96.7 31.9,97.8 32.2,99 32.9,100.2 33.7,102.1 34.4,104.7 35.6,106.7 36.9,108.5 38,111.9 40.6,115.4 43,118.3 44.6,121 46,124.4 47.6,128 49)"
41,41,"0","LINESTRING(135.7 14.7,134 15.4,132.6 16.1,131 17,129.4 17.9,127.9 18.8,126.5 19.6,125.4 20.2,124.6 20.8,123.9 21.3,122.8 21.8,121.8 22.3,120.9 22.7,120 23.1,119 23.4,117.9 23.8,116.9 24.2,115.9 24.6,114.9 25,114.1 25.4,113.5 25.8,112.9 26.1,112.3 26.4,111.7 26.8,111.2 27.1,110.8 27.3,110.4 27.6,110.2 27.9,110.2 28.4,110.2 29,110.3 29.4,110.4 29.8,110.4 30.4,110.2 31.1,109.6 32.2,109 33.1,108.6 33.5,108.2 33.9,107.9 34.3,107.6 34.8,107.6 35.5,108.1 36.5,109.3 37.7,111 39.2,113.1 40.9,115.8 42.8,119.7 44.7,125.1 47.5)"
42,42,"0","LINESTRING(100 21.2,98.9 21.3,97.9 21.4,96.8 21.7,95.8 22,94.7 22.3,93.9 22.8,92.7 23.2,91.9 23.4,91 23.8,90.5 24,89.9 24.2,89.4 24.5,88.9 24.8,88.6 25.2,88.3 25.7,88.3 26.3,88.3 26.8,88.6 27.2,88.6 27.7,88.6 28.2,88.4 28.6,88.4 29.6,88.8 30.2,89.4 30.6,90.7 30.7,92.2 30.6,93.9 30.5,95.5 30.8,97.5 31)"
43,43,"1","LINESTRING(128.2 32.4,128 33,127.9 33.7,127.9 34.2,127.9 34.6,127.8 35.1,127.8 35.6,127.9 36,128 36.4,128.1 36.9,128.4 37.5,128.7 38.3,129.1 39,129.7 39.8,131.2 41.1,134 43,137.6 45.1,141.9 47.1,146.6 49.1,152.1 51,159 52.6,167.4 54.1)"
44,44,"0","LINESTRING(129.5 10.9,127.9 11.1,126.5 11.4,125.5 11.6,124.2 12,122.2 13,120.2 14,118.6 15.3,117.9 16.2,117.4 17.4,116.6 19.2,115.7 20.5,115.3 21.2,114.9 21.8,114.5 22.4,114.4 22.6,114.3 22.7,114.2 22.7,113.9 22.5,114 22.5,113.9 22.5,113.4 22.3,112.5 22.2,112 22.3,111.5 22.5,110.7 22.6,109.8 22.8,109.1 23.4,108.7 24.1,107.9 24.7,107.1 25.3,106.3 26.3,105.7 26.9,105.3 27.3,104.7 28.1,104.4 28.6,104.6 28.8,104.7 29,104.7 29,104.6 28.6,104.6 28,104.2 27.5,103.7 26.9,103.5 26.2,103.3 25.8,103.1 25.6,102.8 25.3,102.1 25.3,101.5 25.2,100.5 25.1,99.3 25.1,97.8 25.3,96.4 25.5,94.7 25.9,93.1 26.4,91.9 27.3,90.8 28.3,89.3 29.6,88.2 30.8,88 32.3,88 33,88.5 34,89 34.6,89.8 35.5,91.6 36.3,92.5 37,93.5 38,95 39,97 39)"
45,45,"1","LINESTRING(134.5 15.6,133 18,131.4 19.1,129.6 19.8,128 20.5,126.9 21.2,125.9 22,124.9 23.1,124 24,123.2 24.5,122.6 24.9,122 25.4,121.5 25.9,121.1 26.3,120.8 26.7,120.3 27.3,119.7 28,119.8 28.8,120.6 30,121.7 31.5,123.7 33,126.6 34.4,130 35.8,133.6 37.3,137.5 39,142.1 41,147.5 43.5)"
46,46,"1","LINESTRING(122.2 32.4,123.5 34.1,124.7 35.8,125.6 37.6,126.2 39.5,125.7 41.4,125 43.1,123.2 44.7,121.5 45.5)"
47,47,"1","LINESTRING(120.5 19.1,119.4 20.3,118.2 21.3,117 22.1,115.8 22.6,114.2 22.7,112.6 22.7,111.4 22.9,110.6 23,110.2 23.1,109.7 23.2,109.1 23.3,108.4 23.3,107.7 23.4,107 23.6,106.3 23.7,105.6 23.7,104.9 23.8,104.3 24,103.7 24.3,103.1 24.8,102.8 25.5,102.7 26.2,102.8 26.6,103.6 27,105.2 27.8,106.8 28.9,108.4 30.3,110.1 31.9,112.1 33.6,114.3 36.1,116.8 39.5,118 42.9,120.1 46.3,122.3 49.8,123 52)"
48,48,"1","LINESTRING(139 31,138.5 31.5,138.3 31.7,138.1 31.8,138 32,138 32.2,137.9 32.4,137.8 32.7,137.9 33,138.2 33.3,138.9 33.8,139.5 34.5,139.5 35.3,139.2 35.9,138.6 36.1,138.1 36.2,137.8 36.4,137.8 36.6,138.1 37.4,138.6 38.3,139.2 38.7,139.9 39.2,140.8 40.1,141.5 40.9,141.8 41.6,142 42.4,142.3 43.1,142.6 43.9,142.6 44.6,142.6 45.3,142.7 46,142.9 46.8,143.6 47.7,144 49,143.5 50.5,143 52,141.5 53.5)"
49,49,"0","LINESTRING(144.9 9.9,144 10.4,142.9 10.9,141.7 11.3,140.6 11.7,139.4 12,138.3 12.3,136.9 12.7,135.7 13.1,134.9 13.4,134 13.7,133.1 14,132.3 14.4,131.3 14.8,130.3 15.1,129.4 15.4,128.5 15.6,127.5 15.6,126.4 15.6,125.2 15.7,124 15.8,123 15.8,122 15.9,120.8 16,119.6 16.1,118.3 16.2,117 16.3,115.7 16.5,114.3 16.8,112.9 17,111.5 17.1,110.3 17.3,109.1 17.5,107.7 18.1,106.4 18.8,105.5 19.3,104.6 19.8,103.7 20.2,102.9 20.5,101.9 20.8,100.9 21.2,100.2 21.9,99.9 22.6,99.9 23,100.1 23.3,100.5 24,100.9 24.6,101.2 24.9,101.5 25.2,101.7 25.4,101.6 25.6,101 25.5,100.3 25.3,99.5 25,98.7 24.7,97.8 24.6,97 24.5,96.4 24.3,95.7 24,95 23.7,94.4 23.3,93.7 22.8,92.8 22.3,91.9 22.1,91 21.9,90 21.7,89 21.5,87.9 21.5,86.9 21.8,86.1 22.1,85.4 22.3,84.8 22.6,84.3 22.8,84 23,83.6 23,82.9 23,82.2 22.8,81.5 22.4,80.8 22.1,80.1 21.8,79.4 21.5)"
164,164,"1","LINESTRING(135.5 12,134.7 12.6,133.2 13.3,131.2 14,129.4 14.7,127.9 15.1,126 15.4,123.7 15.7,121.5 16.1,119.9 16.8,118.3 17.5,116.5 18.1,114.6 18.8,113.3 19.2,111.9 19.5,110.3 19.8,108.5 20,106.7 19.9,104.9 19.6,103 19.5)"
50,50,"1","LINESTRING(130 26.5,127.8 26.5,126 26.2,124.6 25.6,124 25,124.3 24.8,124.8 24.5,125.4 24.3,126 24,126.5 23.9,127 23.9,127.4 23.8,127.7 23.7,128.6 24,130.2 24.8,132.3 25.8,134.4 27.4,136.6 30.1,138.7 32.6,140.2 34.2,141.6 35.8,143.2 37.3,144.8 38.8,146.3 40,147.8 41.2,149.5 42.6,151.2 43.9,152.8 45,154.3 45.8,156.1 46.4,157.9 46.8,159 47,160 46.7,161.4 45.9,162.8 45,163.7 44.3,164.5 43.5,165.2 42.5,165.7 41.2)"
51,51,"1","LINESTRING(144.2 15.8,143.1 16.4,142.2 17.1,141 17.8,139.9 18.5,138.5 19.2,137.2 19.8,135.2 20.9,133.8 22,132.4 23.2,131 24.3,130.3 25.3,129 26.3,128.2 27.5,127.3 28.7,126.2 29.9,124.9 30.8,123.7 31.9,123.2 33.2,123.1 34.5,123.3 36.1,124.2 37.6,125.1 39.2,126.2 40.7,128 43.3,128.8 44.6,131.4 45.8,134 46.6,134.3 46.7)"
52,52,"1","LINESTRING(102.5 28.5,101.9 28,101.4 27.7,101.1 27.7,100.9 27.7,100.8 27.8,100.9 27.9,101.3 28.2,102 29.1,103 30.5,103.9 31.8,104.9 33.2,106.4 34.2,107.9 35.1,109.4 35.9,110.8 36.2,112.2 36.3,113.4 36.5,114.3 36.6,115.1 36.7,115.3 36.8,115.5 36.9,115.3 37,115.1 37.1,114.7 37.3,114.4 37.5,114 37.7,113.5 38,112.9 38,112.2 38,111.1 38,109.5 37.9,108.1 37.9,106.7 37.8,105.5 37.7,104.7 37.3,104.1 36.5,103.8 35.6,103.7 34.7,103.8 33.8,104 33.1,104.4 32.4,105 31.9,105.5 31.5,106 31,106.6 30.5,107 30,107.7 29.6,108.5 29.5,109.2 29.5,110 29.5,110.7 29.5,111.5 29.5,112.1 29.5,112.5 29.5)"
53,53,"1","LINESTRING(87 20.3,87 20.7,87 21.5,86.9 22.1,86.6 22.4,86.3 22.6,85.4 22.7,84.5 22.8,83.8 22.8,82.8 22.8,82.2 22.6,81.7 22.4,81.2 22.2)"
54,54,"1","LINESTRING(126 20.5,124.5 20.7,123 20.9,121.5 21,120 21.1,118.5 21.4,117.1 21.9,115.9 22.4,114.8 23.2,113.9 24.5,113.2 25.8,113 26.9,113.5 28.1,114.4 29.4,115.7 30.8,117.3 32.1,119.1 32.8,121.5 33,123.8 33,125.5 33,127.1 33,128.7 33.1,129.9 33.4,130.7 33.9,131.5 34.5,132.3 34.9,133.1 35.3,133.7 35.6,133.9 35.9,133.9 36.2,133.8 36.5,133.8 36.7,134 37,134.4 37.5,134.9 38,135.4 38.4,135.9 38.7,136.1 39,136.1 39.2,136.1 39.3,135.9 39.3,135.4 39.1,134.9 38.8,134.4 38.7,133.9 38.9,133.5 39.5,133.3 40.3,133.8 41.2,135 42.1,136.4 42.7,138 43,139.7 43,141.5 43,143.2 43)"
55,55,"1","LINESTRING(94.5 17.2,94.5 17.5,94.3 18.2,94.2 18.8,94.3 19.7,94.7 20.5,95.2 21.4,95.8 22.3,96.1 23.3,96.4 24.5,96.5 24.8,96.7 25.1,97.1 25.8,97.9 26.9,98.3 27.6,98.7 28,99.1 28.1,99.5 28,99.8 27.8,100 28,99.6 28.6,99.1 29.1,98.8 29.9,98.5 30.6,98.2 31.4,98 32,98 32.6,97.8 33,97.8 33.5,97.7 34,97.7 34.4,98 35,98.2 35.3,98.9 35.7,99.7 35.9,100.5 35.9,101.1 35.6,101.3 34.9,101 34.2,100.8 33.3,101 33.2,101.3 33.3,101.5 33.4,101.8 33.6,102 33.8,102.2 34,102.9 34.7,103.4 35.4,104.1 36.1,105 36.8,105.5 37.2)"
56,56,"1","LINESTRING(99.5 24,99.2 24.5,99 25,98.9 25.5,98.8 26,98.7 26.5,98.7 27,98.7 27.5,98.8 28,98.9 28.7,98.9 29.5,99.4 30.1,100.4 30.6,101.5 30.9,102.6 31,103.7 30.9,104.8 30.9,105.8 30.8,106.6 30.8,107.1 31.1,107.5 31.5,108.2 32.1,108.8 32.7,109.9 33.7,111.6 34.7,113.4 35.1,115.7 35.5,118.2 35.5,120.7 35.6,123.4 35.7,126 35.8,128.5 36.2,131 36.8,133.7 37.3,136.5 37.8,139.3 38.4,142 39)"
57,57,"1","LINESTRING(101 25,100 25.9,99.5 27,99.4 28.2,99.6 29.4,100.1 30.6,101.2 31.8,102.9 32.9,104.8 33.8,106.7 34.4,108.7 35,111 35.7,113.4 36.4,115.9 37,118 37.6,120.1 38.2,122.5 38.8,125.6 39.3,128.7 39.8,131.2 40.2,134 40.6,136.2 40.7,138.8 40.8,141.1 40.9,143.7 41.3,146 42,148.4 42.6,150.5 42.8,153.5 42.8)"
58,58,"1","LINESTRING(107 31.5,107.9 31.8,109 32.1,110.2 32.5,111.5 33,112.4 33.1,113 33.5,112.4 34.8,112 36,113.5 37.3,115 38.5,116.1 39.1,117 39,117.5 38.8,118 38.5,118.5 38.3,119 38,119.5 37.8,120 37.5,120.5 37.3,121 37,122.1 36.3,124 35.5,127.4 35.2,131 35.5,133.5 37.6,135 39.5,135.7 39.9,136.3 40.3,136.9 40.6,137.5 41,138.4 41.5,139.5 42,140.8 42.2,142 42.3,143.1 42.4,144 42.5,145 42.5)"
59,59,"1","LINESTRING(99.5 14,99.1 14.6,98.6 15.4,98.3 16.1,98 16.8,97.6 17.5,97.3 18.3,97 18.9,96.7 19.4,96.6 19.9,96.5 20.5,96.4 21.1,96.5 21.7,96.7 23,96.7 24.3,96.3 25.1,96 25.8,95.9 26.3,95.8 26.7,95.8 27,95.9 27.4,96.3 27.8,96.9 28.3,97.5 28.9,99 30,100.3 31.3,101.8 32.9,103.4 34.3,105.4 35.5,108 37,111.7 38.6,115.1 40.7,117.1 43.9,119 46)"
60,60,"1","LINESTRING(108.3 28.1,108.4 30.2,108.9 32.5,110.1 35.5,112 38.6,115 41.7,119.6 44.3,125.1 46,131 47.1,137 48)"
61,61,"1","LINESTRING(132.6 11.9,131.9 12.3,131.5 12.7,131.2 13.3,131 14,130.5 14.5,130 15,129.8 15.3,129.6 15.5,129.1 16,128.8 16.4,128.3 16.6,127.8 16.9,126.9 17,126.2 17.1,125.7 17,124.8 16.9,124.7 16.8,124.5 16.7,121.3 16.4,120 16.2,119 15.9,118 15.8,117 15.5,116 15.3,115 15,114.1 14.8)"
62,62,"1","LINESTRING(109 34,109.5 34.1,110 34.2,110.5 34.3,111 34.5,111.5 34.7,112 35,112.5 35.2,113 35.5,113.2 35.9,113.5 36.3,113.7 36.7,114 37,114.3 37.5,115 38.5,117.2 40.2,120 42,122.1 43.4,124 44.5)"
63,63,"1","LINESTRING(123 42.5,123.7 41.8,124.5 41,125.2 40.3,126 39.5,127 39,128 38.5,129 38,130 37.5,130.8 35.6,131.5 33.5,132 32.5,132.5 31.5,133.4 30.5,134.5 29.5,135.7 28.3,137 27,138.6 26.4,140 26.5,141 27.1,142 28,143 29.2,144 30.3,145 31.4,146 32.5,147 33.8,148 35,149.3 36.3,151 37.5,152.9 38.8,155 40)"
64,64,"1","LINESTRING(99 10.3,99 10.3,99 10.3,99 10.3,99 10.3,99 10.2,99 10.1,99 10,99 9.8,99 9.6,99 9.4,99 9.2,99 9,98.9 8.8,98.7 8.7,98.4 8.6,98 8.5)"
65,65,"1","LINESTRING(101 11.5,100.8 11.7,100.3 12.1,99.9 12.3,99.5 12.5,99 13,98.5 13.5,98 14,97.5 14.5,97.5 15.5,97.7 16.2,98.1 16.8,98.4 17.2,99 18,99.7 18.2,99.8 18.5,100 19,99.9 19.6,99.4 19.3,98.9 19.1,98.2 19,97.3 19.2,96.5 19.8,96.1 21,96 21.9,96 23,96 24,96 25.2,96.1 26.8,96.4 28.3,97.1 29.5,97.8 30.6,98.4 31.8,98.8 32.6,99.3 33.3,100.1 34.8,101.3 35.7,103 36.5,104.5 37)"
66,66,"1","LINESTRING(132 34,132.7 34.3,133.5 34.5,134.2 34.8,135 35,135 35,135 35,135 35,135 35,135.3 35.2,136 35.5,136.8 36,137.5 36.5,137.9 36.6,138.2 36.5,138.3 36.3,138.5 36,138.7 35.5,139 35,139.2 34.5,139.5 34,140 33.5,141 35,141.5 35.5,142 36,142.5 36.5,143.5 37,144.7 37.8,146 38.5,147.2 39.3,148.5 40,150.9 42.1,155 46)"
67,67,"1","LINESTRING(116.5 31,116 31.5,115.5 32,115.1 32.6,115 33.5,115.4 34.6,116.5 36,118.2 37.7,120 39.5,121.5 40.5,124 41.5,127.4 43.4,131 46,134 50,135 53,136.2 55.7,137 58)"
68,68,"1","LINESTRING(100.1 26.7,100.7 26.8,101.5 27.4,101.7 28,101.9 28.8,102.3 29.7,102.8 30.7,103.3 31.5,103.7 32.3,104 32.7,104.7 33.2,105.3 33.3,105.9 33.5,106.5 33.7,106.9 33.9,107.3 34.2,107.7 34.4,109 35.8,110.1 37.2,111.5 38.4,112.8 39.7,114.2 40.8,115.5 42,116.7 43.2,117.5 44,118.5 45.3,119.8 46.7,121 48.3,122.3 49.5)"
69,69,"1","LINESTRING(92.5 27.5,92.3 27.7,92 28,91.4 28.2,91 28.6,90.7 29,90.5 29.5,90.4 30.1,90.2 30.7,90.1 30.6,90 30.3,89.7 29.9,89.5 29.5,89 29,88.7 28.6,88.4 28.1,88 27.7,87.7 27.3,87.4 26.9,87.2 26.6,86.9 26.4,86.6 26.3,86.3 26.4,86 26.7,85.7 27.1,85.5 27.5,85.2 28,84.7 28.5,84 28.5,83.5 28.3,83.1 28,82.7 27.7,82.4 27.5,82 27.3,81.6 27.1,81.2 27.1,80.8 27,80.3 26.9,79.7 26.9)"
70,70,"1","LINESTRING(131.5 11,129.7 11.3,127.8 11.8,126.2 12.1,125 12.5,123.5 12.5,122.2 12.5,121 12.5,120.2 12.3,119.7 12.2,119.2 12.1,118.6 12,117.9 11.9,117 11.7,116 11.5,115 11.4,113.8 11.5,112.5 11.9,111 12.2,109.5 12.5,108.3 12.6,107 12.5,105.5 12.4,104 12.3,102.5 12.1,101 12,99.5 11.7,98.5 11.5,97.7 11.4,97.1 11.3,96.5 11.4,95.7 11.5,95 11.7,94.2 11.9,93.5 12.2,92.8 12.3,92.1 12.5)"
71,71,"1","LINESTRING(91 20,91.3 20,91.6 20,91.9 20,92.2 20,92.6 20,93 20,93.4 20,93.8 20,94.2 20.2,94.5 20.5,94.7 20.9,94.8 21.4,94.7 21.9,94.6 22.4,94.5 23,94.4 23.8,94.3 24.8,94.3 26,94.3 27.2,94.3 28.5,94.4 29.6,94.8 30.5,95.3 31.4,96.2 32.2,97.2 32.9,98.3 33.5,99.8 33.8,101 34.4,102.4 35.2,104.3 35.8,105.7 36.9,106.9 38.2,106.6 40.2,105.5 41.7)"
72,72,"1","LINESTRING(100.6 23.8,100 24.3,99.6 24.9,99.5 25.6,100.1 26.2,101 26.8,102.1 27.3,104 28.2,105.6 29.2,107.2 30.2,108.8 32,109.6 33.8,109.2 35.2,108.5 36,107.6 36.4,106.5 36.6,105.8 36.1,105.5 35.6,105.8 35,106.1 34.8,107 34.1,107.8 33.4,108.1 32.9,108.2 32,107.9 31.2,106.9 30.7,105.9 30.2,104.9 30.1,103.8 30.1,102.9 30.2,102 30.7,101.2 31,100.3 30.8,99.4 30.8,99 31.1,99 31.7,99.4 31.9,100 32.4,100.5 32.8)"
73,73,"1","LINESTRING(112.2 26,112.5 26.3,112.8 26.5,113.2 26.8,113.6 27.4,114 27.8,114.4 28.8,114.5 29.8,114.6 30.6,114.7 31.4,114.9 32.3,114.9 33.1,114.9 34,115.1 34.9,115.3 35.8,115.7 36.9,116.1 38.3,117.1 40.3,118.4 42.5,120 45,121.2 48.3,123.5 52)"
74,74,"1","LINESTRING(96.3 20.5,95.2 21,94 21.2,93.1 21.3,92.4 21.3,91.7 21.2,91 21.2,90.4 21.1,89.5 20.7,88.8 20.3,88.3 19.8,88.1 19.4,87.9 19,87.7 18.4,87.9 17.6,88.5 17.2)"
75,75,"1","LINESTRING(114.2 30,116.1 30.3,117.7 30.7,119.8 31,122.2 31.5,124.8 31.9,128.3 32.5,131.9 33.1,135.1 33.8,138.1 35.1,141.7 36.8,145.5 38.7,149.8 40.7,154.2 42.7,158.5 45.4,163.6 47.2,167 48,169.8 48.2,172 48.2,173.5 47.9)"
76,76,"0","LINESTRING(124.2 16.8,122 16.4,119.7 16.5,117.3 16.6,115 16.8,112.6 17,110.1 17,107.8 17,105.8 17,104 17,102.1 17.2,100.2 17.3,98.5 17.5,96.8 17.7,95.3 17.8,94.1 18,93.2 18.4,92.1 18.6,91.2 18.8,90.7 19.1,90.3 19.3,89.8 19.6,89.6 19.9,89.3 20,89.2 20.1,89 20.3,89 20.5,89.1 20.7,89.1 20.9,89.2 21.2,89.3 21.5,89.5 21.9,89.5 22.4,89.6 22.9,89.6 23.7,89.7 24.6,89.7 25.7,89.7 26.8,89.6 27.8,89.2 28.7,88.7 29.4,87.9 30,87.4 30.5,86.4 30.8,85.6 30.9,84.9 31,84.4 31.1,83.7 31.2,83.3 31.3)"
201,201,"1","LINESTRING(85.2 21.8,84.8 21.7,85 21.2,85.3 21,85.6 21.2,85.3 21.2,85.2 20.8,84.9 20.6,84.3 20.5,83.7 20.5,82.9 20.5,82 20.5,81.3 20.7)"
77,77,"1","LINESTRING(134.9 10.7,133.5 10.7,132.1 10.7,131 10.6,129.8 10.6,128.2 10.8,127 11,126 11.2,125 11.4,124.6 11.5,124 11.7,123.6 11.3,123.4 11,123.5 11.5,122.9 11.9,122.3 12,121.7 12.1,121.1 12.2,120.2 12.4,119.5 12.5,118.5 12.6,117.6 12.7,116.8 12.7,115.9 12.8,115 12.8,114 12.9,113 13)"
78,78,"1","LINESTRING(111.6 26,110.5 26,109.5 26.1,108.5 26.5,107.5 27.2,106.4 28,105.7 28.9,105.1 29.9,105 31,105.4 32.2,106.5 33.4,107.8 34.2,109 35,110 35.9,111 36.9,112 37.9,112.8 39.3,113.6 41.2,114.8 44,117.6 47.2)"
79,79,"0","LINESTRING(145.2 10.3,144.2 10.6,143.3 11,142.6 11.4,141.8 11.7,141.2 12.1,140.4 12.4,140 12.9,139.6 13.5,139 14.2,138 14.8,137 15.4,136 15.8,135 16.2,133.9 16.4,132.3 16.6,130.7 16.8,129.3 17.1,127.8 17.6,126.3 18.2,124.9 18.8,123.6 19.4,122.6 19.6,121.8 19.8,120.7 20.3,119.7 21.2,118.6 22.1,117.4 23,116.1 23.6,114.8 24.1,113.5 24.6,112.1 25.1,110.7 25.6,109.4 26.1,108.3 26.8,107.6 27.9,107 29.4,107 31,107.9 32.9,110.2 35.3,113 37.8,117.4 40.8,123 43.7,129.4 46.6,134.5 50.5,140 55)"
80,80,"1","LINESTRING(111.8 31.7,112.5 33.4,113.6 35.2,114.3 36.7,115 37.7,116 38.2,116.3 38.8,116.7 39.7,118 40.2,119 40.8,120.2 41.1,120.7 41.2,121 41,121.3 40.5,121.8 40.3,122.2 40.8,123 41,123.6 41.3,124.5 41.7,125.7 42.4,126.8 43.1,128.8 44.4,131.3 45.9,134.5 47.3,137.2 49.9)"
81,81,"1","LINESTRING(124.2 19.1,123.6 19.8,123.3 20.9,123 22,122 22.5,121.7 23.3,121.8 24.2,121.9 24.9,122.2 25.8,122.5 27.2,123.3 28.7,124.3 30.4,126 31.7,127 32.2,127.9 32.3,128.7 32.5,129.7 32.6,129.9 33.2,130 33.9,130.5 34.6,132 35.6,134.1 37.1,136.5 38.8,140.5 42.1,145 44.8,150 46.5)"
82,82,"1","LINESTRING(93.7 26.8,92.7 27.4,91.5 27.6,90.3 27.4,89.5 26.6,88.3 26.8,88.3 27.5,88.4 28,88.6 28.7,88.8 29.5,88.4 29.8,88.7 30.2,89.3 30.6,90 31.1,90.6 31.7,91.2 32.4,92 33.2,92.9 33.8,94.2 34.3,95.2 34.5,96.1 34.6,97.4 34.7,98.7 34.8,99.8 34.8)"
83,83,"1","LINESTRING(100 32.8,101 33.2,101.8 33.6,102.4 33.8,103 34,103.6 34.2,104.2 34.4,105 34.6,105.7 34.7,107 34.9,108.3 35.1,110.3 35.3,112.3 35.5,113.8 35.6,115.4 35.5,116.5 34.8,117.2 34,117.2 33.4,116.8 32.8,116.4 32.8,116.2 33,116.3 33.5,116.8 34.2,117.5 34.8,118.5 36,120.2 38,122.5 40.5)"
84,84,"1","LINESTRING(108.5 28.5,110.2 29.5,112.1 30.2,114.2 30.9,116.4 31.9,118.2 33.2,119.2 34.4,120.3 35.5,121.2 37,123 38.3,124.5 40,126 42,127 44.5,129 47,131.5 49.5)"
85,85,"1","LINESTRING(117.1 26.9,116 29,115.1 30.9,115.1 33,115.6 35.9,116.7 39.2,118.5 42.4,119.9 45.5,120.8 47.4,121.7 49.1)"
86,86,"1","LINESTRING(145 13,143.8 13.4,142.2 13.8,140.4 13.9,138.5 14,136.8 14,135.1 14,133.2 13.9,131.4 13.6,129.4 13.2,127.2 12.8,125.2 12.4,123.2 12.2,121.2 12.1,119.1 12,117.2 12,115.2 12.1,113.2 12.1,111.2 12.2)"
87,87,"0","LINESTRING(120.3 26.2,119.2 26.5,118 27,116.9 27.3,115.8 27.6,114.1 28.2,112.4 28.8,111.2 29.3,110 29.6,108.9 30.1,108.2 30.7,107.7 31.1,107.3 31.2,106.9 31.4,106.7 31.6,107 31.9,107.2 32.3,107.6 33,108.3 33.8,109.8 35,111.7 36.2,114 38,117 40,120.5 42.5,125 45,129.8 47.2,135 49)"
88,88,"0","LINESTRING(117.5 11,115.5 11.5,114 12,112.5 12.5,111 13,109.6 13.3,108.3 13.4,106.9 13.5,105.8 13.7,104.7 13.8,103.3 13.8,102.3 14,101.3 14.3,100.4 14.6,99.5 14.9,98.4 15.2,97.4 15.5,96.6 15.6,95.7 15.8,94.4 16.4,93.1 16.6,91.8 17,90.6 17,89.3 16.7,88 16,87 15.7)"
89,89,"1","LINESTRING(107.3 23.5,106.8 24.2,106.4 24.9,106.3 25.7,105.9 26.2,106.3 27.3,106.5 28.1,107.4 28.9,107.7 29.3,108 30,107.9 30.5,108.1 31.1,108.3 31.7,109.5 32.6,111.8 33.7,114.5 35.2,119.5 38,124.5 40.5,130 41,136 43.5,140.5 44.5,145 46,149 47.5,153 50)"
90,90,"1","LINESTRING(84 22,84.7 22.5,85.4 23,86.2 23.5,87 24,87.7 25,88.4 26.2,88.9 27.8,89.4 29.1,89.8 31,90.1 32.5,90.3 34,90.9 35.9,92.2 37.2,93.5 38.5,94.7 38.8,96 39,97.3 39,98.7 39,99.9 38.7,101.2 38.3,102.3 37.9,103.5 37.5,103.7 36.8,104 36,103.7 35,103.5 34,104.2 33.5,105 33)"
91,91,"0","LINESTRING(154.5 11,152 11.1,149.5 11.2,147.5 11.3,145.8 11.4,144 11.5,142.2 11.6,140.3 11.7,138.4 11.8,136.5 11.9,134.9 12,133 12.5,131.3 12.9,129.6 13.3,127.7 13.8,125.9 14.3,124.5 14.9,122.8 15.5,121.2 16.3,120.2 16.7,119.2 17.1,118.2 17.5,117.2 17.8,116.2 18,115.2 18.1,114.2 18.1,113.2 18.1,112.2 18,111.3 17.5,110.8 17.4,110.4 17.8,110.1 18.5,109.3 19.4,108.2 19.9,107 20,105.5 20.1,104.2 20.3,103 20.6,102 20.9,101.3 21.1,100.7 21.3,100.2 21.5,99.5 21.6,99 21.7,98.5 21.8,98 21.9,97.5 22,97 22.4,96.7 22.7,96.4 22.8,96.2 23,96 23.3,95.6 23.8,95.2 24.4,94.8 25,94.2 25.7,93.6 26.5,93 27.4,92.3 28.4,92 29.7,91.5 30.8,91.3 32.2,92 34,93 35.2,95.5 37,99 39.5,104 42.5,112 48)"
92,92,"1","LINESTRING(93.2 20.3,93.1 21.5,92.6 22.5,91.5 22.5,90.3 22.5,89 22.5,87.8 22.1,86.9 21.3,86.4 20.2,86 20.2,85.7 20.4,85.4 20.8,85 20.9,84.6 21,84.3 21.2,84.3 21.6,84.3 21.5,84.4 21.3,84.5 21.1,84.7 21.1,85.1 21.1,85.5 21.1,85.8 21.2,86.3 21.2,86.6 21.4,86.9 21.7,87.3 22,87.7 22.3,87.9 22.6,88.3 23,88.5 23.3,89 23.8,89.5 24.3,89.9 24.8,90.4 25.3,91.2 25.4,92 25.6,92.7 26,93.3 26.4)"
93,93,"1","LINESTRING(114 29,114.7 31,115.2 33,116 35,117 37.5,118 40.5,119 43.5,121.6 47.5,125 51)"
94,94,"1","LINESTRING(107 36,108 35,109 34,110.5 33.4,112 34,113.2 34.8,114.3 35.8,115.2 37,115.3 38.3,115.1 39.1,114.1 39.6,113.3 38.9,114 38.2,115.3 38,116.9 38,118.3 37.9,119.8 37.9,121.8 37.9,125 38,128.7 38.1,133 38.2,137.8 38.5)"
95,95,"1","LINESTRING(156 17.7,154.7 17.4,153.3 17.8,152 18.2,150.5 18.8,149 19.2,148 19.7,146.2 20.3,144.5 21,143.5 21.5,142.2 22.2,141.2 23.2,140.3 25,139.7 27,138.8 29,137.5 30.4,136.5 32,135.9 33.3,135.7 34.7,136.2 36.3,136.9 38,138.5 40.5,141 43,144 45.2,147.5 47.5,151.5 49.5,156.5 51.5)"
96,96,"1","LINESTRING(142 15.6,140.6 15.9,139.2 16.3,137.9 16.8,136.3 17.3,134.3 17.5,131.9 17.7,129.7 17.8,127.6 17.9,125.5 18,123.1 18.6,121 19.7,119 21,117.7 22.1,116.4 23.4,115.2 24.8,114.2 26.1,113 27.5,111.4 28.5,110.6 29,110 29.7,110 30.6,110.4 31.7,110.9 32.9,112.1 34.4,114.1 35.9,116.3 37.3,118.5 38.6,121 40.2,124.9 42.9,128.9 45.6,133.1 48)"
97,97,"1","LINESTRING(134 36,135.2 36.8,135.5 37.2,135.3 37.7,135.2 37.4,135.8 37,137.5 36.8,139.5 37.1,141.7 37.8,143.5 38.9,145.1 40.4,146.9 42.3,148 45)"
98,98,"1","LINESTRING(154.3 10.5,151.9 10.8,150.4 11,148.7 11.3,146.9 11.7,145 12,143.3 12.5,141.3 12.8,139.2 13.1,137 13.3,135 13.5,133 13.5,131 13.5,129 13.5,127.1 13.6,125.1 13.8,123.5 14,121.7 14.3,119.9 14.6,118.1 14.9,116.2 15.2,114.3 15.4,112.4 15.6,110.5 15.8,108.8 15.9,107.2 16.1,105.6 16.4,104.3 16.8,103 17.4,102 18,101.2 18.8,100.5 19.5,100 20.3,99.5 21,99.2 21.7,99 22.4,98.8 23,98.6 23.8,98.7 24.5,98.7 24.9,98.8 25.2,98.8 25.8,98.8 26.2,98.8 26.5,98.9 26.8,99 27.2,99 27.6,99.2 28.7,99.2 29.7,99.2 31,100.1 32.2,101.2 33.4,103 34.7,104.8 35.5,107 36.3,109.6 37.1,112 37.8,114.6 38.1,117.2 38.4,120.3 37.8)"
99,99,"1","LINESTRING(107.3 29.8,108.8 29.9,110.3 29.9,111.6 30.1,112.7 30.4,113.4 31.3,114.1 31.9,114.9 32.6,115.6 33.3,115.9 34.1,116 35,115 36,114.2 35,115 34.2,116.4 34.6,117.3 35.3,118.1 36.2,118.8 37.1,119.1 38.2,119.2 38.6,119.2 39,120.1 39.4,121 39.9,121.6 40.3,122 40.8,122.6 41.2,123.2 41.6,124.1 41.9,125 42,125.9 42.3,126.6 42.7,127.5 42.9,128.1 42.2,128.8 41.7,129.8 41,130.9 40.9,132.1 40.9,133.1 41,134.1 41.2,134.9 41.9,135.2 42.5,136 42.7,136.7 42.2,137.3 42.1,138 42.2,138.5 42.3,139 42.7)"
100,100,"0","LINESTRING(131 14,129.3 15.4,127.3 17.1,125.3 18.4,123.7 19.4,122.2 20.2,120.7 21.2,119.4 22.2,118.6 23.1,118 24.1,117.5 25.2,117.3 26.4,117.2 27.6,117.4 28.4,117.7 29.5,118.8 30.8,119.7 32.1,120.8 33.2,122 34.2,123.2 34.9,124.3 35.3,125.2 35.7,126.2 35.9,127.3 36.2,128.7 36.5,130.1 37.1,131.8 37.5,133.2 37.9,134.8 38.3,137 38.5,139.4 38.3,142 38.1,144.7 37.7,147.2 36.7)"
101,101,"1","LINESTRING(98.8 16.9,98.7 17.2,98.6 17.5,98.6 17.8,98.6 18.1,98.6 18.3,98.7 18.6,98.8 18.9,98.9 19.2,99.2 19.6,99.5 20,99.9 20.4,100.5 20.9,101.7 21.6,103 22.4,104.5 23.2,106.7 24,109.4 25,112.5 25.9,115.5 26.8)"
102,102,"1","LINESTRING(92.9 21.7,93.5 22.2,94.2 22.6,95 22.8,95.8 23.2,96.4 24,96.6 24.8,95.9 24.9,95.2 24.9,95.8 25,95.9 25.1,96 25.2,96.1 25.3,96.4 25.4,96.7 25.5,97 25.5,97.4 25.5)"
103,103,"0","LINESTRING(110.5 19.8,109.8 20.8,109 21.5,108.2 22.4,108.1 23.5,108.2 24.6,109 25.6,109.7 26.7,110.4 27.8,111.5 29,112.5 30.5,113.3 32.1,114.2 33.6,114.4 35.1,114.4 36.4,114.4 36.8,115 37.1,116.5 37.6,117.7 38.8,119.3 40.1,121.5 41.6,123.9 43.5,126.5 45.3,129.5 47,132.9 48.5,136.5 50,141 50.8,146.5 51.5,153.4 51.8,161 51.5)"
104,104,"1","LINESTRING(104 26,103.8 26.8,103.7 27.4,103.2 28.1,102.4 28.1,101.1 28.1,100.2 28,99.2 27.9,98 27.5,96.2 27,95 26.3,93.7 25.7,92.4 25.2,91.1 25.1,89.8 25.2,88.4 25.8,87 25.8,85.5 25.7,84.5 25.5,83.6 25.5,82.5 25.4,81.5 25.5,80.5 25.5,79.5 25.5)"
105,105,"1","LINESTRING(115.6 30.2,116 30.9,116.7 31.6,117.6 32,118.8 32.4,120 32.8,121.1 33.1,122.4 33.6,123.7 34,124.5 34.4,125.1 34.8,125.5 35.3,125.8 35.9,126.1 36.3,126.2 36.8,126.2 37.4,126.2 38.7,127.5 39.5,129.3 40.4,131.2 41.7)"
106,106,"0","LINESTRING(102.6 28.5,101.7 28.6,100.8 28.5,100.3 28.6,100.1 29,99.9 29.4,99.6 29.7,99.7 30.1,100 30.5,100.4 30.8,100.9 31.3,101.3 31.8,101.6 32.6,102 33.4,102.3 33.9,102.6 34,102.8 34,102.9 33.9,102.6 33.8,102.1 33.9,101.7 34,101.5 34.3,101.5 34.6,102 35,102.9 35.3,104 35.6,105.6 36.2,107.3 37.2,109.7 38.5,114 41,118.1 43.5,122.2 46)"
107,107,"1","LINESTRING(121.7 31.3,121.3 30.7,121 30,120.9 29.2,120.8 28.6,120.6 28.4,120.2 28.4,119.9 28.5,119.7 28.7,119.6 28.9,119.4 29.3,119.2 29.7,118.9 30.2,119 30.8,119.3 31.3,119.1 32,119.2 32.4,119.5 32.8,120 33,120.2 32.9,120.1 32.7,119.8 32.3,119 31.7,118.3 31.1,117.6 30.6,116.8 30.5,116 30.6,115.3 30.9,115 31.4,115.1 32.3,115.8 33.9,117.8 35.8,120.2 37.4,123 38.8,126 40,129.6 40.9,133.2 41.7,137 42.3,141 42.8,145 43.2)"
108,108,"1","LINESTRING(111.2 14.7,111.9 15.2,112.3 15.8,112.9 16.4,113.3 17,113.8 17.4,114.2 18,114.8 18.5,115.3 19.1,116 19.4,116.9 19.6,117.8 19.7,118.6 19.9,119.2 20.4,119.9 21.1,120.5 21.8,121.3 22.7,122.2 23.8,123.4 24.8,124.8 26.2,126 28,127 29.5,127.5 31,127.6 32.2,127.3 33.4,126.6 34.6,125.8 34.8,125 35,125.8 35.5,127.2 36.5,129 38,131 40,133 42)"
109,109,"1","LINESTRING(119.5 34.5,120 35.5,120 35.5,120 35.5,120.2 34.9,120.5 33.8,121 32.7,122 32,123 31.4,123.8 30.5,124.1 28.9,124.2 27.2,124 25.8,123.7 24.5,123.8 23.4,124.6 22.4,126 22.4,127.3 23.2,129.2 24.8,130.4 28,130.1 31.2,129 33,127 34.5,126.4 34,126.3 33.1,126.5 32.8,126.7 32.5,126.8 32.4,126.9 32.3,127 32.2,127.1 32,127.5 31.6,127.6 31.1,127.7 30.5,127.8 30,127.9 29.5,128 29,128 28.5,127.8 27.8,127.1 27,126 26,124.4 24.8,122.9 23.6,121.1 22.7,119 22,116.9 21.2,114.9 20.5,112.5 19.9,110.6 19.2)"
110,110,"1","LINESTRING(95 26,95.1 25.8,95.3 25.6,95.6 25.6,95.8 25.8,96 26,96.2 26.2,96.6 26.5,97.1 26.6,97.7 26.4,98.9 26.4,99.7 27.2,99.6 28.3,99.6 29.4,99.5 30.5,99.5 31.6,99.3 32.9,99.5 34.8,99.9 36.6,100.5 38.3)"
111,111,"1","LINESTRING(99.5 31.5,101 32,102.5 32.5,103.5 33,104.7 33.5,106 34,107.3 34.3,108.5 34.5,109.7 34.7,110.9 34.8,112.3 34.7,113.6 34.5,115.1 34.4,116.8 34.5,118.5 35.1,120.5 35.5,122.5 35.3,125 35.1,127.5 35.2,129.9 35.3,132.2 35.5,134.8 35.6,137.4 35.7,140 35.8,143 36.4,145.5 37.5,148.4 39.2,151.3 40.7,154.3 42.6,157.5 44.5)"
112,112,"1","LINESTRING(99.3 18.5,98.6 19.2,97.9 19.9,97.1 20.5,96.3 21.1,95.4 21.7,94.4 22.3,93.3 23,92.2 23.7,91.2 24.4,90.2 25.1,89.3 25.9,88.5 26.8,87.8 27.8,87.4 28.9,87.3 30,87.6 31,88 32,88.6 32.9,89.6 33.7,90.8 34.3,92.2 34.7,93.7 35,95.2 35.3,96.6 35.6,98 35.8,99.4 36,100.8 36.3,102.1 36.7,103.4 37.1,104.7 37.5,106 38,107.3 38.5,108.5 39.1,109.6 39.7,110.6 40.4)"
113,113,"0","LINESTRING(156.4 13.3,155.2 13.8,154.1 14.1,152.9 14.3,151.7 14.6,150.4 14.7,148.3 14.9,146.2 15,144.1 15.1,141.9 15.4,140.5 15.8,139.1 16.2,137.8 16.6,136.2 17,134.9 17.2,133.3 17.4,131.9 17.5,130.2 17.6,128.8 17.7,127.2 17.7,125.8 17.7,124.7 17.7,123.7 17.8,122.9 17.8,121.8 17.8,121 18.4,119.8 19,118.5 19.7,117.1 20.4,115.8 21,114.5 21.5,113.2 21.9,112.1 22.5,111 23.2,110 24.2,109.1 25.1,108 26.1,107 26.9,106 27.8,105 28.9,104.5 30,103.8 31.4,104 33.2,104.5 35.5,105.5 38.4,107.2 41.9,110 45.5,112.2 48.1,115.5 49.5,118.8 50.8,122.5 51.5,126.2 52.1,130 52.4,132.5 52.5,135 52.5,137.5 52.5,140 52.5,142.1 52.9,144.1 53.3,146 53.8,148 54.5,150 55.5,151 56.6)"
114,114,"1","LINESTRING(89.5 24.5,88.5 24.2,87.5 23.8,87.2 24.4,88 24.6,87.8 25.3,88.5 25.7,88.9 26.4,88.8 27.8,88.5 28.6,88 29.4,87 29.3,87.5 28.9,88.1 29,88.7 29.6,88.1 30.3,87.7 30.1,87.8 29.8,87.9 29.6,88.2 29.3,88.7 29.1,89.7 28.9,90.9 29.3,92.3 30.3,93 31.8,93.3 33.5,93.4 35.2,92.9 36.8)"
115,115,"1","LINESTRING(92.8 25.6,92.2 25.7,91.6 26,91.1 26.4,90.5 26.6,89.7 26.7,89 26.8,88.3 27.2,87.8 27.7,87.1 28.2,86.3 29,85.7 29.9,85.3 30.9,85.3 31.8,85.3 32.8,85.7 33.9,86.5 34.8,87.5 35.6,88.7 36.5,90 37.2)"
116,116,"1","LINESTRING(96 30.1,96 30.8,96.4 31.4,96.9 32,97.5 32.5,98 32.4,98.8 32.3,100 32.3,101 32.2,101.5 32.2,101.9 32.3,102.1 32.4,102.4 32.6,102.6 32.9,102.9 33.2,103.1 33.7,103.4 34.4,103.8 35.4,104.2 36.5,104.8 37.4,105.9 38.2,107.4 39,109.1 39.7,110.9 40.4,112.5 40.9,114.2 41.3,116 41.5,117.5 41.6,119.8 41.7,121.6 41.7,123.4 41.6,125.2 41.5,126.8 41.4,128.8 41.3,130.6 41.3,132.4 41.3,133.8 41.4,135.2 41.5,136.8 41.8,138.4 42.3,140.4 43,142.8 43.9,145.6 44.9,148.4 46,151.2 47,154 48.2,158.4 49.2,163.6 50,168.6 50.7,172.8 51.4,175.6 52.2,178 52.9,180 53.6,182 54.3,183.7 55,185 55.5,185.8 56,186 56.3,186 56.6,186 56.8,186 57,185.5 57,185 57,185 56.8,185 56.5,186 56.2,188 56.2)"
117,117,"1","LINESTRING(117.2 22.8,117.1 23.5,117.1 23.9,117.2 24.4,117.3 24.8,117.9 25.8,119 27,120.4 27.8,121.3 28.5,121.8 29.1,122 29.7,122.1 30.4,122.1 31.1)"
129,129,"1","LINESTRING(105 34,106.2 33.6,107.3 33,108.1 32.1,108.2 31.2,107.8 30.7,107.2 30.5,106.6 30.3,106 30.1,105.4 29.8,104.8 29.6,104.4 29.3,104.2 29.1,104 28.8,104.2 28.6,104.6 28.8,105.2 29.1,105.8 29.6,106.4 30.2,107 30.8,107.8 31.3,108.8 31.9,109.8 32.7,110.8 33.7,111.7 34.7,112.5 35.7,113 36.6,113.5 37.5,114.1 38.3,114.7 39,115.5 39.6,116.3 40.3,117.3 41.1,118.5 42.4,119.5 44.2,120 46,120 48.4)"
118,118,"1","LINESTRING(102.5 34.3,103.3 33.8,104 33,104.4 32,104.8 31,105 30,104.9 29,104.6 28.1,104.2 27.2,103.7 26.3,103.1 25.5,102 25,101.8 26.2,102.8 27.2,104.3 28.3,105.6 29.4,106.8 30.7,107.7 31.4,109 32,110.3 32.4,111.7 32.6,113 32.9,114.5 33,115.5 33,116.4 33,117.2 32.9,117.7 32.8,118.2 32.6,118.7 32.4,119.2 32.2,119.7 31.7,120 31.3,120.4 30.9,120.7 30.5,121 30.2,121.3 29.9,121.8 29.8,122.2 29.8,122.7 29.9,123.2 30.2,123.8 30.9,124.3 31.5,125.3 32.4,126.5 33.3,127.8 34,129.2 34.8,130.5 35.4,132.5 35.5,134 35,135.5 34.5,136.5 34,137 33.8,137.3 33.7,137.7 33.6,138 33.5,137.5 34.5,137 35.5,137 36.5,137 38,137.5 39.5,139 41.5,141 44,143.5 46.5,147 48.5,150 50,153 50.5,156.5 50.5,160 50,162 48,163 46,163.5 44,165 43,165.5 41.5,166 39.5,168.5 37.5,172 39,174 39,175 39,175.5 39,176 39,176 39)"
119,119,"1","LINESTRING(97.4 15,97.5 14.5,97.9 14.1,98.2 14.4,97.8 15.3,97.8 16,96.5 16.8,96.1 17.6,95.8 18.4,95.5 19.4,95.5 20.5,95.7 21.7,96 23,97.1 24,98.5 24.7,100.1 25.3,101.7 26,103.1 27,104.6 28.1,106 29.5)"
120,120,"1","LINESTRING(89 20.1,88.3 20.2,87.6 20.3,86.9 20.4,86.2 20.5,85.5 20.6,84.8 20.7,84.1 20.8,83.4 20.8,82.7 20.7,81.9 20.5,81.1 20.3,80.2 20,79.3 19.8,78.4 19.6,77.5 19.5,76.6 19.4,75.7 19.5,74.9 19.6,74.1 19.9,73.6 20.5,73.2 21,72.9 21.5,72.6 22,72.3 22.5,72 23,71.7 23.5,71.5 23.9,71.3 24.2,71.1 24.4,70.9 24.3,70.7 24.2,71 24)"
121,121,"1","LINESTRING(88 22.8,88.8 22.8,89.8 22.7,90.4 22.6,90.2 22.7,90.3 23.1,90.5 23.4,90.8 24.2,90.8 25,90.8 26.1,90.8 27.4,90.7 28.7,90.3 29.7,89.3 30.7,88.5 31.8,87.7 32.4,86.7 32.7,85.5 33)"
122,122,"0","LINESTRING(148.4 13.4,147.3 13.3,146.2 13.2,145.2 13,144.3 12.4,143.3 12.2,142.3 12,141.2 12.1,140.1 12.4,139.4 12.7,138.5 13,137.7 13.2,136.9 13.5,136 13.9,135.1 14.1,134.5 14.7,133.9 15.3,133.1 15.9,132.5 16.6,132 17.4,131.5 18.1,131.1 18.7,131 19.4,130.9 20,130.7 20.9,130.5 22.2,130.3 23.4,130.1 24.5,129.7 25.8,128.9 27.1,128.1 28.2,128 29.8,128.1 30.9,128.5 31.9,129 32.8,129.7 33.5,130.5 34.7,131.5 36.1,133.5 38,135.6 40.2,138 42.9,141.2 46.2,145.5 50.2,150 55)"
123,123,"0","LINESTRING(137.8 8.9,136.4 9.5,135 10.1,133.6 10.7,132.1 11.2,131 11.5,129.9 11.8,128.7 12.1,127.5 12.3,126.2 12.4,125.1 12.5,124 12.6,122.9 12.7,121.7 12.6,120.6 12.4,120 12.2,119.2 12,118.5 12.1,117.2 12.1,116.2 12,115.1 11.9,113.9 12,112.8 12,111.8 11.9,110.8 12,109.8 12,108.8 12,107.9 11.9,107 11.8,106 11.8,105 11.7,104.2 11.5,103.5 11.3,102.8 11.2,102.2 11.3,101.7 11.4,101.1 11.3,100.7 11.3,100.2 11.1,100.5 11.1,100.1 11.3,99.7 11.5,99.3 11.5,98.8 11.6,98.2 11.8,97.5 11.9,96.8 11.9,96.1 11.9,95 12,94.1 12.1,93.2 12.2)"
124,124,"1","LINESTRING(105.7 14.9,104.5 15,103.5 15,102.3 15,101 15,100.1 15,99.6 15.1,98.8 15.2,98.2 15.5,97.4 15.8,96.6 16.3,95.5 17.8,94.6 19.1,93.9 19.8,93.4 20.7,93 21.8,92.8 22.4,93 23.1,93.2 23.8,93.8 24.4,94.9 25.5,95.8 26.5,97.2 27.3,98.7 27.9,100.2 28.9,102.3 29.7,104.8 31,109.5 32.5,114 34,120 36,126 39,131 40,135 44,137 48,138 52,136 52.5,134 52)"
125,125,"1","LINESTRING(90 22.5,89.8 23.5,89.5 24.4,89 25.4,88.3 26.2,87.8 27.1,87.2 27.9,86.5 28.7,85.7 29.5,84.8 30.2,83.9 30.8,83.1 31.5,82.5 32.3,82 33.3,81.5 34.5)"
126,126,"1","LINESTRING(159 16.8,158.3 16.9,157.8 17,157.1 17.2,156.5 17.4,156.1 17.8,156 18.2,155.7 18.7,155.4 19.1,155.2 19.7,155.1 20,155.1 20.5,154.7 20.8,154 21.1,153.1 21.4,152.2 21.9,151.3 22.5,150.3 23.4,149 24.2,147.6 25.1,146 26.3,144.4 27.6,142.9 28.9,141.4 29.7,140.3 30.5,138.9 31.1,139.2 31.8,139.1 32.2,139.1 32.7,139.1 33,139 33.1,138.7 33.2,138.2 33.2,137.7 33.4,137.1 33.5,136.1 33.8,134.8 34,133.7 34.3,132.5 34.9,131.9 35.3,131.2 35.7,131.3 36,131.4 36.3,131.7 36.7,131.8 36.9,131.9 37.2,132 37.4,132.1 37.6,132.2 38,132.3 38.5,132.4 39.3,133 40.4,133.3 41.3,134.2 42.4,135.2 43.6,137.2 45,139.5 46.5,142 46.5,144.5 46.5,146.5 45.5,148.5 44.5,149.8 43.5,151 42.5)"
127,127,"0","LINESTRING(159 11.6,157 11.3,155.2 11.3,153.5 11.4,151.7 11.5,150 11.5,148.3 11.5,146.6 11.8,144.9 12.3,143.2 12.8,141.4 13.4,139.7 13.9,138 14.4,136.2 14.8,134.5 15.2,132.8 15.6,131.2 16.1,129.7 16.5,128.5 17,127.3 17.4,126.2 18,125.2 18.6,124.3 19.3,123.5 19.9,122.8 20.6,122.2 21.4,121.7 22.2,121.2 23.1,120.7 24,120.2 25.1,120 26.4,120 27.7,120.1 29,120.2 30.5,120.4 32.1,120.4 33.7,120.4 35.1,120.3 36.4,120.2 37.2,120.1 38,120 38.5,119.9 38.9,119.7 39.1,119.6 39.1,119.4 39.1,118.9 39.1,118.4 39.1,118 39,118 39.4,118.7 39.9,119.4 40.2,120.3 40.3,121.3 40.5,122.9 41,124.7 41.8,126.5 42.7,128.5 43.8)"
128,128,"1","LINESTRING(87.6 19.4,87.3 19.8,87 20.4,86.8 21,86.7 21.7,86.6 22.6,86.5 23.5,86.7 24.2,86.9 24.6,87.2 25,86.9 25.8,86.6 26.5,86 27.3,85.4 28.1,85 29.1,85.1 30.4,85.5 32,86.2 33.8)"
130,130,"1","LINESTRING(148 14,147.6 14.5,147.3 15,147 15.6,146.8 16.1,146.6 16.7,146.6 17.4,146.5 17.9,146.4 18.2,146.2 18.5,146 18.7,145.9 19,145.9 19.1,145.8 19.3,145.6 19.4,145.4 19.5,145.2 19.7,144.8 19.9,144.1 20.1,143.2 20.3,142.4 20.4,141.6 20.3,141.1 20.2,140.7 20.2,140.4 20.2,140 20.3,139.6 20.4,139.4 20.6,139.1 20.9,138.8 21.2,138.4 21.6,137.9 22,137.2 22.5,136.4 23.1,135.7 23.8,135 24.5,134.6 25.5,134.5 26.7,134.7 27.8,135.2 28.5,136.2 29.1,137.6 29.6,138.9 29.9,140 30,140.6 30,140.8 29.8,140.8 29.6,140.6 29.4,140 29.1,139.3 28.6,138.6 28.3,137.9 28.2,137.5 28.5,137.4 29,137.7 29.5,138.5 30,139.5 30.7,140.7 32.1,141.6 34.1,141.5 36.5,140 38.9,137.1 41)"
131,131,"1","LINESTRING(120.7 15.6,120.4 16.2,120.2 16.4,119.9 16.5,119.6 16.6,119.3 16.8,119.1 16.9,118.9 17,118.8 17.2,118.6 17.4,118.4 17.7,118.2 18.1,117.9 18.3,117.7 18.6,117.3 18.7,116.9 18.8,116.2 18.9,115.1 19.2,113.9 19.7,112.5 20.4,111.1 21.1,109.9 21.9,108.8 22.6,107.7 23.4,106.6 24.5)"
132,132,"1","LINESTRING(136 36,135.9 35.7,135.8 35.3,135.6 35,135.5 34.7,135.4 34.4,135.2 34.1,135 33.8,134.7 33.5,134 32.8,133.2 32.2,132.4 31.6,131.7 31.3,131.2 31.1,130.8 31,130.5 31,129.9 30.9,128.7 31,126.6 31.3,124.1 31.2,121.3 31,118.7 30.7,115.9 30.3,113.6 29.9,111.5 29.8,109.7 30.2,108.6 30.9,107.9 32.1,107.5 33.2,107.6 34.3,108 35.5,108.7 36.6,110.3 38,112.5 40,115 42.4,119 44.9,123.6 46.6,129 47.5)"
133,133,"1","LINESTRING(119.6 22.2,119.2 22.3,118.6 22.3,117.9 22.1,117.5 22.1,117.2 22.1,116.8 22.4,116.5 22.8,116.4 23.4,116.2 24.1,115.8 25,115.1 26.1,114.3 27.1,113.7 27.9,113.1 28.5,113.5 28.9,113.8 29.2,114.2 29.5,114.5 29.6,114.6 29.3,115.2 28.8,115.5 28.8,115.1 27.7)"
134,134,"0","LINESTRING(124.1 26.7,124.3 26.8,124.4 26.7,124.3 26.5,124 26.2,123.5 26,122.9 25.9,122.1 26,121.2 26.2,120.3 26.4,119.7 26.6,119 26.8,118.3 27.2,117.6 27.7,117.2 28.4,116.9 29.2,116.7 30,116.8 31,117.5 31.9,118.6 32.9,119.5 33.8,121 34.2,122.6 34.3,124 33.9,126 33.5,128.2 33.4,131.2 33.6,133.9 33.9,136.6 34.3,139.5 34.5,141.7 34.5,143.5 34.2,145.3 33.9,146.9 34.3,148.1 34.7,149.3 35.2,150.4 35.6,151.6 36,152.7 36.2,153.5 36.3,153.9 36.8,154.1 37)"
135,135,"1","LINESTRING(121 44,122.5 43,124.5 42.5,124 41,122.5 39.5,120.5 39,118.5 39,116.5 39,114.2 39.6,111.5 40,109 39,108.5 37.7,108.5 36.7,110 36,111.5 36.2,113 37,113.5 38.2,114.3 39.5,115.3 41.6,116.4 44,117.4 46.3)"
136,136,"1","LINESTRING(119.2 26.3,118.8 26.6,118.6 27.1,118.6 27.7,118.7 28.3,118.9 28.7,119.4 29,120.1 29.6,121.2 30.6,122.6 32.1,123.8 33.8,125.1 35.7,126.3 37.7,127.3 39.6,128.3 41.4,129.8 43.2,131.4 44.8,133.1 46,135.1 47,137.3 47.6,140 48,143 48,146 48,149 47.5,152.5 47,156 46,160 45,164 44,168 43.5,171 43,173 43)"
137,137,"1","LINESTRING(112.5 24.7,111.8 26.2,111.1 27.8,110.6 29.4,110.2 31,110.8 33.2,112.2 35.3,114.3 37.5,117.6 39.3,121.7 41.7,126.1 43.8,131.7 45.4,137.5 46.5,142.2 47.3,147.5 47.5,153 47.5,157.5 47.5,161.5 47.5,165.5 47.5,169.5 47.5,172.5 48,174 48,175 48)"
138,138,"1","LINESTRING(118.2 26.7,118 27.3,118 27.9,118.3 28.5,118.9 29.3,119.8 30.2,121 31.5,122.6 33.3,124.8 35.6,127.5 37.8,130.6 39.8,133.5 42.5,138 46)"
139,139,"1","LINESTRING(140.6 11.3,139.7 11.5,138.8 11.7,137.8 12.1,136.7 12.6,135.5 13.3,134.4 13.9,133.2 14.5,132 15.2,130.7 16,129.4 17,128.1 18,126.8 19,125.6 20.1,124.4 21.3,123.2 22.6,121.8 23.8,120.3 24.9,119 26.1,117.7 27.3,116.9 28.7,116.9 30.4,117.2 32.2,117.2 33.8,117 35,117.7 36.2,119.3 37.9,121.6 39.9,124.5 42.2,128 44.7)"
140,140,"1","LINESTRING(97.7 11.9,97.5 12,97.2 12.3,97 12.5,96.8 12.8,96.6 13.2,96.6 13.6,96.6 14,96.8 14.3,97.3 14.6,97.6 15.1,97.7 15.7,97.8 16.3,98.5 16.9,99.2 17.2,99.8 17.4,100.2 17.5,100.8 17.4,102.1 17.6,104 18.3,105 19.9,104.6 21.5,103.7 22.1,102.5 22.7,101.7 23.2,100.9 23.4,100.1 23.6,99.2 23.9,98.4 24.5,97.9 24.9,97.5 25.4,97.6 25.7,98 26.4,98.6 27.1,100 28,101.5 29,103.3 30,105.2 31.5,105.8 33.1,105.3 33.5,104.3 33.7,104.1 33.2,104.5 32.5,105 31.6,105.2 31.1,105 30.4,104.7 29.8,103.8 28.9,102.8 28.4,101.4 28.2,100.2 28.2,98.5 29.2,98.2 31.3,100.2 34.1)"
141,141,"1","LINESTRING(95.7 17.4,95.1 18.3,94.3 19.3,94.2 20.6,94 22,93.7 23.3,93.8 24.7,93.8 26.2,93.9 27.6,94.4 28.5,95.3 29.6,96.2 30.7,97.2 31.8,98.5 32.7,100 33.6,101.9 34.5,104.1 35.6,106.4 37.1,109 38.5,110.8 39.8,112.3 41,114 42.4,116.3 43.8,118.8 45.2,121.5 46.5,124.1 48.1,127 50,128 53,128 57,128 60,127 62,125 64,124 65)"
142,142,"1","LINESTRING(106.8 22.3,106.4 22.6,106.1 22.8,105.7 23.2,105.1 23.6,104.3 24.3,103.7 25.5,102.3 26.3,101 26.9,99.6 27.7,98.1 28.2,96.6 28.6,95.3 28.8,94.3 29.3,93.4 29.8,92.5 30.6,91.5 31.4,90.9 32.3,90.3 33.2,89.8 34.1,89.8 34.8,89.9 35.4,90.2 36.3,91.2 37.5,93.2 38.4,95.1 38.7,98 38.8)"
143,143,"0","LINESTRING(149.2 14.3,147.5 14.7,145.6 15,143.6 15.5,141.7 15.7,139.8 16,138.1 16.2,136.3 16.6,134.4 17,132.6 17.5,130.9 18,129.2 18.4,127.6 18.9,126.1 19.6,124.6 20.4,123.5 21.3,122.2 22.1,121 22.9,119.8 23.6,119 24.3,118.4 25.1,118.1 25.9,117.7 26.6,117.7 27.4,117.5 28.2,117.1 29,116.6 29.9,115.9 30.7,114.9 31.3,113.8 31.9,112.6 32.5,111.2 33.1,109.9 33.5,108.7 34,107.6 34.6,107.3 34.8,107.1 35.3,107.1 35.6,107.3 36.1,107.8 36.5,108.5 36.8,109.3 37.1,110.1 37.1,111.1 36.9,111.9 36.6,112.2 36.1,112.5 35.7,112.6 35.4,112.5 35.1,112.1 35,111.8 35.4,111.7 35.9,112.2 36.6,113 37.7,113.9 39,116.7 40.6,120.2 42.5,124.2 44.5,129.2 46.8,134 49,139.5 50.8,144.5 53.5,146 56,149 58,154 59.5,160 60,166 60,172.5 60,179 61.5)"
144,144,"0","LINESTRING(157.3 11.3,156.2 11.1,155.7 11,155.1 10.9,154 11.1,152.5 11.4,151 11.6,149.5 11.8,148.1 12.2,146.9 12.7,145.8 13,144.7 13.2,143.8 13.4,143 13.7,142.1 14,141.2 14.3,140.3 14.6,139.3 15,138.3 15.4,137.4 15.8,136.4 16.2,135.3 16.5,134.2 16.8,133.1 17,132 17.2,130.8 17.3,129.5 17.3,128.2 17.4,126.9 17.3,125.7 17.3,124.4 17.1,123.2 17,122 17,120.9 17,119.9 17.1,119 17.3,118.3 17.5,117.6 18,117 18.4,116.4 18.9,115.8 19.4,115.1 20.1,114.6 20.7,114 21.3,113.4 22,112.8 22.8,112 24.3,111.2 25.8,110.7 26.4,110.5 26.5,110.2 27.1,110.5 29.1,110.9 31,111.4 32.7,112.8 34.5,114.6 36.5,116.3 38.4,119.1 40.9,122.3 43.9,125.8 47.1,131.5 51.5,134 55,135 57,136 58,138 59,140 60)"
145,145,"1","LINESTRING(142.3 10.4,141 10.9,140 11.4,139.4 12.1,139 12.8,138.5 13.5,138 14,137.6 14.5,137.4 15.2,137.4 15.9,137.8 16.5,138.1 17.4,138.8 18.2,139.4 18.9,139.7 19.4,139.8 19.7,139.9 19.8,139.8 19.9,139.7 20,139.6 20.1,139.6 20.5,139.8 20.9,139.9 21.5,140 22.4,139.9 23.5,139.7 24.7,139 25.7,138.2 26.7,137.6 27.6,137.2 28.5,136.9 29.5,136.9 30.4,137 31.3,137.3 31.9,137.7 32.2,138.5 32.4,139.5 32.4,140.6 32.5,141.8 32.5,143.1 32.5,144.7 32.7,146.5 33.2,149 34,150.5 35,152 36)"
146,146,"0","LINESTRING(92.7 19.1,92.5 19.4,92.1 19.4,91.8 19.3,91.6 19.3,91.6 19.4,91.6 19.5,91.7 19.6,91.8 19.8,91.8 20.1,91.7 20.6,91.5 21.1,90.9 21.4,90.1 21.3,89.3 21.1,88.8 20.9,88.4 20.8,88.1 20.7,87.9 20.8,87.7 21,87.7 21.2,87.8 21.7,88 22.2,88.4 22.8,89 23.5,89.9 24.5,90.6 25.9,91.5 27.3,92.3 29,93.2 31,93.8 33.2,94.3 35.4,96.5 38.5,97.7 40.5,99.5 42,101.6 43.3,103.5 44.5)"
147,147,"1","LINESTRING(120.8 24.6,121.4 25.3,122.1 26.2,122.9 27.1,123.4 27.2,123.8 27.3,124.3 27.2,125.3 27.5,125.8 28.4,125.8 29.6,125.1 30.5,124.7 31.2,125.2 31.8,125.8 32.6,126.6 33.1,128.2 33.8,129.9 34.6,131.7 35.4,134.2 36.2,136.8 37.1,139.6 37.8,142.1 37.7,144.6 37.4,148.2 37.7,151.8 39.2,154.3 41.8,156 44.5,157 47.5,156 50.5)"
148,148,"1","LINESTRING(117.4 11.8,115.3 11.9,113.5 11.9,111.9 12.1,110.4 12.3,109 12.4,107.3 12.4,105.5 12.3,103.9 11.9,102.8 11.7,101.9 11.6,100.5 11.6,99 11.8,97.4 12,95.8 12.3,93.8 12.7,92.1 13.1)"
149,149,"1","LINESTRING(99.8 17.3,98.3 17.8,97 18.2,95.6 18.6,94.3 18.8,93.1 19,92.2 19.2,91.3 19.2,90.5 19.3,89.9 19.4,89.3 19.5,88.6 19.7,87.4 20.1,86.3 20.4,85.8 20.6,85.1 20.9,83.9 21.3,82.3 21.6,80.7 21.6,79.1 21.6,77.5 21.6,76 21.7,74.3 21.7,72.7 21.8)"
150,150,"0","LINESTRING(160.1 12.4,159.3 12.4,158.4 12.4,157.4 12.5,156.2 12.6,154.7 12.6,153.3 12.8,152.1 12.9,150.8 13,149.7 13.1,148.4 13.2,147.1 13.4,145.6 13.5,144.2 13.7,143 13.8,141.7 13.9,140.2 14,138.9 14.1,137.6 14.1,136.4 14.4,135.3 14.6,134.2 15,133 15.4,131.7 15.9,130.4 16.5,129.1 17,128 17.5,126.8 17.9,125.5 18.4,124.4 18.9,123.1 19.5,121.9 20,120.7 20.4,119.6 20.9,118.3 21.3,116.8 21.9,115.4 22.3,114.1 22.9,112.9 23.4,111.9 24,111 24.7,110.5 25.5,110.1 26.4,109.8 27.4,109.5 28.5,109.5 29.5,109.4 30.4,109.7 31.6,109.9 32.7,109.9 34,109.9 35.2,109.8 36.5,110 37.5,110.5 38.7,110.6 39.8,111.7 40.5,112.7 41.3,113.2 42,114 42.2,115 42.5,117 42.7,120.2 43.2,122.5 43.3,124.5 43.4,126.5 43.5,128.5 43.5,130 43.5,131.5 43.5,132.5 43.7,134 44.5,136 46,137 48,139 50)"
151,151,"0","LINESTRING(139 14.9,137.3 14.9,135.9 14.8,134.6 14.7,133.4 14.6,132.5 14.7,131.6 14.9,130.5 14.8,128.9 14.5,127.4 14.3,126.4 14.4,125.7 14.6,124.9 14.7,124.3 14.9,123 15.2,121.7 15.4,120.4 15.6,119.6 15.8,118.8 16.1,118 16.1,117.2 16.1,116.4 16.1,115.9 16.1,115.5 16.1,115 16.3,114.4 16.6,113.9 17.1,113.1 18,112.2 18.3,111.6 18.9,111.1 19.5,110.5 20.1,109.9 20.9,109.4 21.6,108.9 22.3,108.6 23,108.2 23.9,108.2 24.7,108.5 25.9,108.6 27.2,109.1 29,109.7 31,110.5 33.3,111.6 35.9,112.9 38.5,114.8 42,116.7 44.3,118.5 45.5,120.9 46.3,125 46,126 46,130 45)"
163,163,"0","LINESTRING(98.4 16.7,98.9 16.5,99.5 16.4,100.1 16.4,100.7 16.3,101.4 16,102.3 15.5,103.6 15.1,105.2 14.8,106.6 15.1,108 15.1,109.5 15.1,111 15.5,112.4 15.9,113.5 16.4,114.5 16.8,115.2 17.4,115.8 17.6,116.1 17.8,116.4 17.9,116.7 18,116.9 18.1,117.1 18,117.2 17.9,117.5 17.6,118.2 17.3,118.9 17,119.6 16.5,120.2 15.9,121 16,121.9 16.5,122.9 17.2,123.3 18,123.9 18.4,124.3 18.5,124.7 18.5,125.3 18.5,126.2 18.5,127.2 18.5)"
152,152,"1","LINESTRING(102.5 10.5,102 11.3,101.5 12,101.1 12.8,101 13.5,101 14,101 14.3,101 14.7,101 15,101 15.5,101 15.8,101 16.2,101 16.5,101 17,100.2 16.8,99.5 16.3,99.2 15.8,99 15,99 14.9,99 14.7,99 14.6,99 14.5,99 14.2,99.1 13.8,99.3 13.5,99.8 13.5,100.5 13.8,101.5 13.8,102.2 14.2,102.6 14.6,102.9 14.9,103.2 15.1,103.4 15.3,103.5 15.6,103.7 15.8,104 15.9,104.6 15.9,105 15.9,105.3 16,105.5 15.9,105.5 15.7,105.2 15.6,104 15.8,103 15.9,102 16,101.1 16,99.8 16.7,98.5 17.5,97.4 18.3,96.5 19.2,96 19.7,95.6 20.1,95.7 20.1,95.2 19.6)"
153,153,"1","LINESTRING(110.1 30.4,111.1 31.8,112.4 33.1,114.2 34.7,116.4 36.3,118.9 37.9,121.6 39.6,124.6 41.6,127 44)"
154,154,"1","LINESTRING(87.4 27.4,87.5 27.5,87.7 27.7,88 27.9,88.6 28.3,89 28.6,89.8 28.9,90.1 29.2,90.6 29.5,91 29.7,91.6 29.8,91.9 30.1,92 30.3,92.1 30.4,92.4 30.3,92.5 30.4,92.6 30.6,92.6 30.8,92.5 31,92.4 31.3,92.4 31.7,92.8 32.1,92.9 32.9,93.2 33.2,93.4 33.4,93.7 33.7,94 34,94.8 34.1,95.5 34.2,96.3 34.3,97.6 34.4,99.3 34.6,100.8 35.2,103.3 36.4,106.5 37.5,108.4 38.6,109.6 40,110.1 40.7,110.4 40.7,112 40.4,114.4 40.6,117 41,119.6 41.7,124 42.8,132 44)"
155,155,"0","LINESTRING(154.9 9.7,153.5 9.8,151.9 10,150.3 10.3,148.7 10.6,147.1 11,145.4 11.3,143.7 11.7,141.9 12,140 12.3,138 12.5,136.1 12.8,134.3 13.1,132.6 13.5,131 13.9,129.4 14.4,128 14.9,126.5 15.4,125.1 15.7,123.7 16,122.3 16.2,120.8 16.4,119.4 16.7,117.9 17.1,116.4 17.4,115 17.8,113.7 18.2,112.6 18,111.5 18.2,110.3 18.6,109.2 18.8,107.9 19,106.7 19.3,105.7 19.8,105.1 20.5,104 20.8,102.8 21.3,102 21.9,101 22.7,99.8 23.4,98.7 23.9,97.6 24.6,96.7 24.8,95.8 25.2,94.9 25.7,94.1 26.2,93.5 27,92.8 27.6,92.2 28.2,91.7 28.8,91.5 29.3,91.3 29.8,91.1 30.4,91.1 30.6,91 30.6,91.6 30.6,91.9 31,92.5 30.9,93.1 30.8,93.7 30.7,94.6 30.7,95.8 30.6,97 30.5,98.2 30.5)"
156,156,"1","LINESTRING(153.4 13.4,152.5 13.1,151.8 12.9,151 13.1,150.4 13.4,149.4 14.3,148.5 15.2,147.4 16,146.3 16.8,145.1 17.4,144.4 18.2,144 19,143.9 20,143.9 21.3,143.6 22.9,142.9 24.2,142.3 25.6,141.6 26.9,140.8 28.3,139.8 29.6,139.1 30.5,138.4 31.3,138 32.3,137.7 33.4,137.7 34.4,138.1 35.3,138.7 36.3,139.8 37.2,141.3 38.1,143.7 39.2,146.9 40.1,150.3 40.7,154.3 40.7,157.3 40.9,160.8 41.3,164.5 41.5)"
157,157,"1","LINESTRING(133.6 13.9,132.9 14.2,132.2 14.8,131.5 15.7,130.8 16.5,130.7 17.1,131.1 17.6,131.5 18.2,132 18.9,132.5 19.6,133.4 20.4,134.7 21.5,136.1 22.9,137.9 24.6,139.9 26.9,141.4 29.6,142.2 32.9,142.1 36.8,141.3 41.6,140.7 47.1,148 52.1)"
158,158,"1","LINESTRING(152 28.3,150.9 27.9,149.9 27.5,148.9 27.2,148 26.9,147.1 26.6,146.3 26.3,145.4 26,144.6 25.7,143.6 25.5,142.7 25.3,141.7 25.2,140.8 25.2,139.7 25.3,138.3 25.4,137 25.6,135.9 25.8,134.7 26.3,133.8 27.1,133.4 28,133.5 28.8,134.1 30,135.1 31,136.2 31.8,137.4 32.6,138.3 33.1,139.5 33.8,140.7 34.3,142.1 35.1,144.5 37,146 40.4,146 43,145.5 47,144.5 49.5,143 52)"
159,159,"0","LINESTRING(85.6 19.5,85.5 19.5,85.4 19.6,85.4 19.7,85.3 19.8,85.3 19.8,85.4 20,85.5 20.4,85.6 21.2,85.5 21.9,85.3 22.5,85.1 23.1,85 23.8,84.9 24.7,84.5 25.5,83.9 26.2,83.2 26.6,82.6 26.9,82.1 27,81.7 27.3,81.2 27.6,80.5 28,79.6 28,78.7 27.8,77.9 27.7,77 27.6)"
160,160,"0","LINESTRING(161.1 13.5,159.7 13.8,158.5 13.9,157.5 13.8,156.6 13.7,155.7 13.6,154.6 13.5,153.4 13.6,152.3 13.6,151.2 13.8,150.3 13.9,149.2 14.1,148.3 14.2,147.7 14.4,147.3 14.5,146.9 14.6,146.1 14.9,145.1 15.3,144.1 15.7,143.1 16.1,142 16.6,140.8 16.9,139.4 17.2,137.8 17.5,136.4 17.8,135.2 18.4,134.1 19.3,132.9 20.4,131.8 21.7,130.5 22.9,129.2 24.2,128 25.4,126.9 26.4,125.7 27.2,124.6 27.8,123.8 28.3,123.1 28.7,122.5 29.3,122 30.1,121.5 30.8,121.6 31.5,121.6 32.3,121.8 33.1,122.6 33.8,123.7 34.3,124.5 34.7,125.1 35.3,125.8 36.1,127.4 37,129.4 38.2,131.8 40.4)"
161,161,"0","LINESTRING(134.4 14.6,133.1 15,131.8 15.3,130.4 15.8,128.9 16.3,127.4 16.7,126.1 17.1,124.9 17.3,123.7 17.9,122.8 18.3,121.8 18.6,121.2 19.3,120.4 20.2,119.6 20.8,118.9 21.4,118 21.9,117 22.5,115.9 22.7,114.8 22.8,113.8 23,112.6 23.2,111.3 23.4,110 23.6,108.6 23.9,107.1 24.1,106 24.5,104.7 24.9,103.7 25.4,103 26.1,102.3 27.1,101.5 28.2,101.1 29.3,100.9 30.6,101.3 32.1,102 33.7,103.2 35.7,104.7 38,106.5 40.6,107.9 42.1,109.4 43.3,111.1 44.2,112.7 44.8,114.5 45.4,117 46.6,120.7 47.7,123.7 48,127.5 48.5,132 49.5)"
162,162,"0","LINESTRING(155.8 12.6,153.9 12.9,152 13.3,150.2 13.8,148.1 14.2,146.2 14.8,144.4 15.1,142.7 15.4,140.8 15.9,139.2 16.1,137.8 16.3,136.5 16.6,135.4 16.8,134.2 17.1,133.1 17.2,132.1 17.4,131.1 17.5,130 17.7,129.2 17.8,128.3 18,127.4 18.2,126.6 18.6,125.8 19,125 19.4,124.3 19.9,123.7 20.4,123.2 20.9,122.9 21.6,122.6 22.2,122.2 22.8,121.9 23.4,121.3 24.1,120.8 24.7,120 25.5,119.3 26.2,118.6 26.8,117.6 27.6,117.3 28.3,117.1 29.2,117.2 30.1,117.4 31.3,117.9 32.7,118.8 34.3,119.6 36.2,120.6 38.1,122.1 40.3,124.4 42.2,125.5 44.6,128.1 46.6)"
165,165,"1","LINESTRING(109.1 30.9,108.7 30.8,108.2 30.7,107.8 30.4,107.4 30.1,107.3 30.1,107.2 30.2,106.9 30.3,106.7 30.6,106.3 30.8,106 30.7,106.2 30.7,106.3 30.5,106.4 30.2,106.4 29.6,106.6 29.5,106.9 29.3,107.2 29.2,107.6 29.1,108.8 29.8,110.3 30.1,112.5 30.8,113.9 32.6,115.8 34.3,118.2 36.1,120.5 37.9,122.6 40.1,125 42.5,127 45.5)"
166,166,"1","LINESTRING(92.7 19.8,92.6 20.4,92.3 20.7,92 21,91.3 21.4,92.2 21.6,93.3 22.5,93.4 22.9,93.7 23.5,94.1 24.3,94.6 25.2,95.1 26.1,95.7 27.1,96.2 28,96.6 28.9,97 29.8,97.7 31,98.5 32.3,99.8 33.5,101 35,101.8 37,104 38.5,106 40,108 41.5,110.5 42,112.8 42.5,115 43,117 43.5)"
167,167,"0","LINESTRING(157 11.5,155.5 11.9,154.1 12.3,152.8 12.7,151.3 13.1,149.9 13.5,148.8 13.7,147.7 13.9,146.8 14.3,145.8 14.6,145 14.9,144.2 15.1,143.2 15.5,142.2 15.8,141.4 16.3,140.5 16.7,139.6 17.2,138.8 17.6,138 17.9,137.1 18.3,136.1 18.6,135 19.1,134 19.6,133 20.4,131.9 21,130.5 21.9,129.4 22.8,128 23.8,127.1 25,125.8 26.6,124.9 28,124.1 29.7,123.8 31.2,124.1 32.9,124.8 34.4,126 35.7,128.2 37,130.2 38.3,132.1 39.7,134.3 40.9,136.4 42.1,140.5 43.5,143.5 44.5,147 45.7,151 47,155 48.5,159.5 49.5,163.5 50.5,168 52,171 55,174 58,176 62)"
168,168,"1","LINESTRING(150.4 11.2,149.3 11.4,148.1 11.5,147 11.6,145.9 11.6,144.7 11.7,143.6 12.1,142.4 12.2,141.2 12.4,139.9 12.5,138.7 12.4,137.5 12.2,136.2 11.7,135 11.3,133.9 10.9,132.8 10.7,131.4 10.5,129.9 10.5,128.3 10.4,126.7 10.3,125.1 10.3,123.4 10.5,122 10.7,120.5 11,119.1 11.3,117.7 11.7,116.5 11.9,115.1 11.9)"
169,169,"0","LINESTRING(97.1 16.1,96.7 16.2,96.4 16.6,96 16.9,95.2 17.4,94.6 17.7,94 17.9,93.6 17.9,93.3 17.9,93.1 17.9,92.8 17.9,92.6 17.9,92.3 17.9,92.1 17.8,92.2 17.6,92.2 17.7,92.1 17.7,92 17.9,91.6 18,91.2 18.3,90.5 18.6,89.6 19,88.6 19.5,87.5 19.9,86.5 20.3,85.2 20.7,83.9 21.2,83 21.8,82.1 22.6,81 23.2,80 23.5,79 23.8)"
170,170,"1","LINESTRING(95.9 25.8,95.4 25.7,95 25.7,94.7 25.6,94.6 25.4,94.3 25.1,94.7 25.2,95.1 25.3,95.5 25.4,95.9 25.4,96.4 25.8,97.4 27.1,98.2 28,98.6 28.6,99.1 28.6,99.9 28.9,101 29.8,102.1 30.4,103.2 30.8,105.1 31.6,107.2 32.3,109.3 33.1,111.5 34,113.4 35.3,115.3 36.2,117.1 36.9,118.2 37.9,119.6 39,121.1 40.2,122.5 41.5,124.5 42.8,126 43.5,128 46.5,131.5 48.5,134 50,137 52,140 54,142.5 55,145 55,147.5 56,149 57.5)"
171,171,"0","LINESTRING(121.8 12.3,120.1 12.8,118.6 13.4,117 14,115.5 14.8,114 15.5,112.3 15.7,111 16,109.5 16.5,107.8 16.9,106 16.9,104.7 16.9,103 17.3,101.1 17.4,99.4 17.3,97.7 17.2,96 17.1,94 16.8,92 16.5,90.1 16.2,88.1 16.2)"
172,172,"1","LINESTRING(117 27.5,117.5 29.8,116.5 30.8,115.3 31.8,114.2 32.2,114.2 32.8,113.7 33.5,113.9 34.2,114.7 34.9,115.2 36.2,115.4 37.3,116 37.9,116.3 38.6,116.1 39.3,115.9 40.1,115.6 40.9,115 42.3,115.2 44.2,118 48)"
173,173,"0","LINESTRING(96.4 13.3,96.4 13.7,95.9 13.7,96.1 13.3,96.5 13,96.4 13.7,96.6 14.3,96.8 14.8,96.9 15.3,96.9 15.8,96.6 16.5,96.4 16.8,96.2 17,96.1 17.3,96.1 17.5,96 17.8,96 18,96 18.5,95.7 18.8,95.7 18.9,95.9 19.3,96.3 19.7,96.7 20.1,97.5 20.8,98.2 21.5,99.1 22.3,100.3 23.1,102 24.3,103.6 25.4,105.5 26.3,107.4 26.9,110.3 27.3,113.5 28.7)"
174,174,"1","LINESTRING(129.6 33.9,129.6 34.1,129.6 34.3,129.7 35.2,129.9 36.1,129.9 37,129.7 37.8,129.8 38.8,130.3 39.7,130.8 41.3,131.5 43,132 45)"
175,175,"1","LINESTRING(129 30.5,129 30.2,129.3 29.7,129.7 29.3,130 29.3,130.2 29.5,130.5 30.3,129.4 31.3,128 31.8,126.5 31.7,125 30.8,124.7 30.3,124.4 30.1,124.1 30.6,124 31.1,123.8 32.1,123 32.6,122.8 31.5,124 32,124.2 32.3,124.3 32.6,123.8 32.4,123 31.4,122.4 30.3,121.3 29.3,119.9 28.4,118.2 27.3,116.8 26.2,115.3 25.3,113.8 24.5,112.9 23.7,112.3 23.4,112 23.1,111.7 22.8,111.4 23,111.1 23.4,111.1 24.3,110.8 25.5,110.5 26.4,110.3 27,110.1 27.4,110.1 27.8,110.4 27.7,110.9 27.7,111.8 27.8,112 27.8,112.6 27)"
176,176,"1","LINESTRING(128.2 28.3,128.6 29.3,128.4 30.4,128.4 31,128.7 31.7,129.1 32.4,129.5 32.8,130.1 33.2,130.5 33.3,130.9 33.2,130.6 32.7,130.5 32.3,130.4 31.9,130 31.4,129.6 31,129.3 30.6,128.9 30.3,127.9 30,126.3 29.7,125.6 29.3,124.7 29,123.4 28.6,122.5 28.2,121.7 27.9,121 27.8,120.5 27.5,120 27.1,119.6 27,119.2 26.8,118.6 26.5,117.7 26.3,117.1 26.5,116.8 26.7,116.3 27.1,115.6 27.2,115.3 27.7,115.3 28.1,115.4 28.7,115.3 29.1,114.5 29,113.3 27.8,113.2 28.2,113.2 28.5,112.8 28.5,112.5 28.5,112.3 28.4,112.2 28.5,112.4 28.8,113.1 29,113.3 29.1,113.4 29,112.8 29,112.3 29.3,112 29.4,111.6 29.6,110.5 30.1,109.8 30.6,109.1 31.1,108.4 31.6,108.7 32.3,109.2 32.9,109.9 33.2,110.3 33.6,110.3 33.3,110.3 32.8,110.3 32.6,109.6 32.6,109.2 32.6,109.1 32.7,109 32.6,108.8 32.1,108.7 31.4,108.1 30.7,107.6 29.8,106.7 29,106 28.7,105.2 28.5,104.2 28.4,103 28.3,101.9 28.4,100.5 28.9,99.8 29.8,99.2 30.7,99.3 31.8,100.7 33.2,102 34.2,104.1 35.4,105.9 36.7)"
177,177,"0","LINESTRING(135.4 10.2,133.5 10.3,131.5 10.8,129.6 11.2,127.8 11.8,125.4 12.1,123.2 12.2,121.3 12.4,119.6 12.5,117.9 12.7,116.3 12.8,115.1 13,114 13.2,113.1 13.5,112.5 13.7,111.8 14,111.1 14.2,110.2 14.5,109 14.9,107.8 15.3,107 15.6,106.5 15.7,106 15.9,105.4 16.1,105 16.7,104.9 17.4,104.4 17.5,104.6 18.1,104.3 18.5,103.9 18.8,103.2 18.8,102.8 18.7,102.4 18.7,101.9 19,101.3 19.1,100.4 19.6,99.7 20,98.9 20.5,97.8 21,96.8 21.6,95.6 22.4,94.3 23,92.8 23.6,91.7 24.4,90.5 25.4,89.7 26.7,88.6 28.1,87.9 29.2,87.6 30.5,87.9 31.9,88.6 33.5,90 35.8)"
178,178,"1","LINESTRING(126.5 11.1,124.7 11.8,122.5 12.6,120.2 13.2,118 13.7,115.2 14,112.4 14.4,110 14.8,108 15,105.6 15.1,103.5 15.3,101.4 15.8,99.7 16.1,98.3 16.6,97.2 17.5,95.9 18.6,94.5 19.7,93.7 20.4,92.8 21.1,91.8 21.8,90.8 22.6,89.8 23.3,89.3 23.9,89.1 24.6,88.5 24.9,88.1 24.9,87.9 25.1,87.8 25.3,87.8 25.6,87.7 26,87.4 26.7,87 27.3,86.4 27.7,85.4 27.9,84.5 28.3,83.1 28.6,81.8 28.5,80.6 28.5,79.2 28.8,77.4 29.3,75.7 29.9,74 30.5,72.3 30.9)"
179,179,"1","LINESTRING(125.9 30.8,125.3 31.7,124.8 32.5,124.4 33.4,123.6 34.4,123.4 35.3,123.6 36.2,124 37.1,125.1 38.1,126.6 39.2,128.3 40.1,130 41.1,132.2 42.1,134.2 42.7,136 42.7,137.6 42.5,139.3 41.9,140.8 40.9,142.1 39.8,143.2 38.8,143.7 37.9,144.1 37.1,144.2 36.3,143.8 35.7,143.3 35.3,142.8 35.1,142.2 35,141.4 34.9,141 35.5,140 36,139.5 36,139.5 36.6,140 36.5,140.5 36.4,141.1 36.5,140.8 36.3,141 36,141 35.5,140.5 34.5,140 33.8,139.5 33,139 32,138 31,136.5 31)"
180,180,"1","LINESTRING(96.7 26.4,94.3 26.6,91.7 26.4,89.5 26.1,87.5 26,85.6 25.9,83.8 25.6,82.4 25.2,81.1 24.8,79.7 24.7)"
181,181,"0","LINESTRING(149.3 14.6,147.7 14.7,145.8 14.9,143.8 15,141.8 15.1,139.9 15.2,138.2 15.4,136.9 15.5,135.7 15.8,134.4 16.3,133.1 16.7,132 17,130.8 17.3,129.7 17.6,128.6 17.8,127.5 18,126.5 18.2,125.7 18.3,124.7 18.5,123.7 18.7,122.7 19,121.7 19.3,120.8 19.6,120.1 20.1,119.3 20.5,118.7 20.9,118.2 21.3,117.7 21.9,117.2 22.5,117 23.2,116.7 23.8,116.2 24.8,115.7 25.8,115.4 27.1,114.9 28.6,114.7 30.1,114.7 31.8,115.3 33.4,116 34.9,117.6 36,119.6 36.9,121.8 37.9,124.3 39.1,126.6 40.6,129.3 42.3,132.1 44.3,135.3 46.3,139.2 48.7,144 51.7,148 54,151 56,153 58,153 60)"
182,182,"0","LINESTRING(120.8 11.4,118.9 11.7,116.8 12.2,114.7 12.9,112.4 13.8,110.2 14.9,108.2 15.6,106.3 16,104.6 16.3,103.2 16.7,101.9 17.4,100.7 18.2,99.3 19.2,98.4 20.5,97.8 21.7,97.4 23,97.1 24.4,97.6 26.1,98.4 28.1,99.2 30.1,100.3 32.3,101.9 34.5,104.1 36.9,106.2 39.3,108.9 41.2)"
183,183,"0","LINESTRING(144.8 11.1,143.2 11.2,141.7 11.3,140.2 11.5,138.5 11.9,137.1 12.3,135.5 12.8,134.2 13.3,133.2 13.7,132.2 14.2,131.5 14.7,130.7 15.4,130 15.9,129.1 16.6,128.4 17.2,127.7 17.7,127.1 18.1,126.4 18.4,125.6 18.6,125 18.8,124.2 18.9,123.2 19,121.9 19.2,120.7 19.4,119.3 19.6,117.9 19.8,116.5 20,115 20.3,113.6 20.6,112.1 21,110.9 21.4,109.6 21.8,108.6 22.2,107.5 22.7,106.5 23.2,105.7 23.8,105 24.2,104.3 24.7,103.7 25.3,102.9 25.7,102.5 26,102.1 26.4,101.5 26.8,100.9 26.8,100.6 27,99.8 27.2,99.3 27.4,98.3 27.8,97.7 28.1,96.7 28.6,96.3 29.2,96 30.1,95.4 31,95 31.5,94.8 32,94.9 32.5,95.3 33.4,95.7 34.3,96.8 36.1,97.9 37.8,98.7 38.7,100 40.5,102.3 42.8,104.3 44.3,106.7 45.3,109.5 46.2,112.7 46.6,115.8 47.2)"
184,184,"1","LINESTRING(101.9 31.8,102 31.6,102 31.4,101.8 31.3,101.5 31.3,101.2 31.3,100.9 31.5,100.6 32.1,100.5 32.8,100.4 33.5,100.6 34.2,100.9 34.9,101.3 35.6,102.2 36.4,103.4 37.2,105.2 38.1,107.1 39.1,109.5 40.2,112.5 41,116.5 41.7,120.4 43,125 45,130 47,136 48.5,142 50,148 51.1,151.1 52)"
185,185,"0","LINESTRING(150.8 11.2,149.3 11.2,147.9 11.2,146.7 11.2,145.6 11.6,144.7 12.1,144 13,143 13.9,142 14.5,141.2 15,140.3 15.6,139.2 15.9,138.4 16,137.6 16.3,136.6 16.7,135.5 16.8,134.8 17,134 17.5,133.5 18.1,133 18.7,132.7 19.6,132.2 20.8,131.7 22.3,131.2 23.7,130.6 24.9,130.5 26.2,131.3 27.5,132.3 29,133.7 30.7,135.6 32.5,137 34.5,138.1 36.8,138.8 39.5,139.5 42.6,139.5 45.5,139.5 48.1,141.1 50.4,143.5 53,148 56.1,154 59.5,163 62,172 63.5,178 64,182.5 64,187 64.5,190.5 65,192 65.3,193.5 65.5)"
186,186,"1","LINESTRING(147.6 13.3,146.7 13.3,145.7 13.4,144.6 13.5,143.6 13.7,142.6 13.7,141.7 13.9,140.9 14.1,140.3 14.3,139.8 14.4,139.4 14.4,138.9 14.2,138.5 13.9,138.6 13.2,139.4 13,140 13.1,139.5 14.3,138.3 14.3,137.6 13.8,136.8 13.9,136.2 14,135.6 14.3,135.1 14.9,134.6 15.7,134.3 16.7,134.2 17.4,134.1 18,134 18.7,134 19.2,134 19.6,133.9 20,133.8 20.6,133.8 21.3,133.6 22,133.5 23,133.5 24.3,133.5 25.4,133.6 26.4,133.8 27.5,134.2 28.9,134.2 30.1,133.9 31.1,133.3 32,132.7 32.4,132.2 33.1,132.2 34.1,132.4 35.1,133 36.3,134.2 37.7,136.2 38.9,138.4 40.3,140.9 41.6,144 42.8,147 43.8,150 44.5)"
187,187,"1","LINESTRING(93.3 18.3,92.8 18.6,92.1 19.3,91.5 20.9,91 22.3,90.3 23.9,89.8 25.1,89.6 26.4,89.5 27.6,89.7 28.5,90 29.6,91.1 30.8,91.9 31.6,92.8 32.4,93.8 33.2,95.9 34.6,98.2 35.6,100 37.1,101.7 37.8,103.3 38.4,105.2 39.1,108 39.5,109.3 40.8,110.2 41.6,110.4 43.5,110.2 44.9,110 45.5,112.4 46.5,113.6 48,115.5 48.5,117.5 48.5)"
188,188,"0","LINESTRING(119.2 12,117.5 12.2,115.8 12.5,114.1 13,112.7 13.6,111.5 14.3,110.3 14.7,109.1 15.1,108.1 15.6,107 16.2,105.9 16.7,105.1 17.6,103.9 18.5,102.9 19.4,101.6 20.3,100.5 20.9,99.4 22,98.4 22.7,97.5 23.4,96.6 24.3,95.8 25.2,95 26.1,94.2 27.2,93.7 28.5,93.1 29.9,92.3 31.5,91.5 32.6,91.2 33.9,90.9 35.3,90.8 36.4,91 37.1,91.3 37.7,91.7 38.1,92.2 38.5,92.8 38.9,93.5 39.2,94.2 39.2,94.3 39.2,94.4 39,94.4 38.7,94.4 38.4,94.2 38.1,93.8 37.9,93.6 38.1,93.4 38.4,93.2 38.6,93.5 39.4,93.8 40.2,94.8 40.8,95.9 41.3,96.8 42.2,97.7 43.1,98.6 43.9,99.5 44.6,100.2 45.8)"
189,189,"1","LINESTRING(113 28.4,113.4 28.4,113.5 28.5,113.5 28.5,113.6 28.6,113.7 28.7,113.7 28.7,113.8 28.9,114 29.3,114.3 29.6,115 30,116.2 30.5,117.3 31.4,118.9 32.6,120.9 33.4,124.2 34,126.6 34.5,129.2 34.7,131 34.6,134.1 34.5,135.9 34.9,137.9 35.2,139.4 36,141.7 37.4,144.4 39.2,146.7 41.6,148 43.5,151.9 44,155 46)"
190,190,"1","LINESTRING(101.4 25.8,101.7 26.3,101.7 26.8,101.5 27.4,101.2 27.9,100.8 28.7,100.7 28.8,100.7 28.8,100.4 28.7,100.4 28.6,100.5 28.6,100.7 28.6,100.7 28.9,100.9 29.3,101.5 29.8,102.5 30.2,103.1 30.9,103.4 31.5,103.8 31.7,104.1 31.8,104.1 31.7,104.3 31.6,104.1 31.4,103.8 31.2,103.4 31.2,103.1 31.5,102.7 31.7,102.3 31.8,102.1 31.9,102 32.1,101.9 32.3,101.9 32.6,102 32.9,102.3 33.4,102.5 33.9,103.1 34.2,103.7 34.5,104.2 34.7,104.4 34.7,104.9 34.6,105.2 34.7,105.6 35.4,106.4 36.4,107.3 37.3,108.6 38.7,110.3 40,112.7 41.6,115.1 43.2,117.4 44.8,120.1 46.2,123.8 47.4,127.7 48.4,131.2 49,134.3 49.5,137.9 50,141.5 50.9,145.3 51.5,149.5 52.2,153.5 52.8,158 53.8,162.3 55.3,165.4 57.6,168.1 59.8,171.6 61.7,175.5 63.6,179 65.6,181.9 67.5,186.6 68.8)"
191,191,"1","LINESTRING(125.5 13.3,125.1 13.5,124.9 13.9,124.7 14.4,124.5 14.9,124.3 15.6,124.2 16.2,124.1 16.7,123.8 17.2,123.6 17.5,123.4 17.7,123.2 17.9,123 18.1,122.8 18.5,122.8 18.9,122.9 19.4,123 19.9,123.1 20.8,123.3 22.4,123.2 23.8,122.8 25.2,122.4 26.7,121.8 28.3,119.9 30.2,117.8 30.5,116.3 30.2,116.2 29.2,117.2 28.6)"
192,192,"1","LINESTRING(94.4 18.9,93.8 19.1,93.3 19.3,92.8 19.5,92.1 19.8,91.2 20.3,90.2 20.5,89 20.5,88.3 20.3,87.8 20.1,86.8 19.8,85.9 19.2,85.1 18.6,84.4 17.9,83.6 17.2,83 16.9)"
193,193,"1","LINESTRING(159.4 32.9,159.7 33,159.9 33.1,160 33.2,160.4 33.4,160.7 33.8,161.1 34.1,161.7 34.3,162.8 34.5,164.7 34.7,167.2 35.4,169.5 36.1,171.7 36.7,174 37.7)"
194,194,"1","LINESTRING(130.8 31.5,130 31.6,129.2 31.4,128.5 31.4,127.5 31.1,126.5 30.8,125.8 30.1,126.2 29.7,127.3 30,128.1 30.8,128.7 31.4,129.4 31.9,130.2 32.5,131.1 33.2,132.1 33.9,132.9 34.3,133.8 34.5,135 34.5,136.3 34.5,137.7 34.3,138.9 34.4,140.2 34.3,141.2 34.3,142.2 34.2,143.3 34,144.5 33.8,145.4 33.7,146.2 33.4,146.3 33.1,146.3 32.3,145.8 31.6,145.1 30.8,144 30.1,142.9 29.4,141.9 28.7,141.2 28.2,140.7 27.4,140 26.5,139.5 25.9,139.4 25.5,139.6 25.1,139.9 24.7,140.8 24.7)"
195,195,"1","LINESTRING(118.4 12.7,117 13,115.6 13.3,114.2 13.7,112.9 14,111.7 14.3,110.5 14.6,109.6 15.1,108.8 15.7,108 16.3,107.3 16.9,106.6 17.4,106 17.8,105.4 18.3,104.8 19.1,104.4 20,103.6 20.8,102.6 21.6,101.5 22.4,100.7 23.2,100.1 23.9,99.6 24.7,99.2 25.3,99 26.1,99.1 27,99.3 28.1,99.6 29.4,100.1 30.6,100.8 31.9,101.6 33.2,102 34.5,102.4 35.8,102.8 36.6,103 37.1,103.2 37.6,103.3 38.2,103.3 38.9,103.3 39.9,102.9 41.3,102.5 43.1,103 44.5,104.2 45.6,105.6 46.5)"
196,196,"1","LINESTRING(140.6 14.1,140 14.7,139 15.4,137.7 16,136.5 16.4,135.2 16.6,133.9 16.8,133.1 17,132.2 17.3,131.4 17.6,130.3 18.1,129.4 18.5,128.7 19,128.1 19.3,127.4 19.6,126.7 19.9,125.7 20.3,124.3 20.9,122.9 21.5,121.2 21.7,119.9 21.9,119 22.7,117.7 23.8,116.8 24.4,116 25.1,115.4 26.2,114.7 27.1,114.1 28.1,113.9 29.3,113.8 30.4,113.8 31.3,114.3 32.4,115 33.6,115.9 34.9,116.8 36.3,118.1 37.4,119.8 38.5,122.1 40.6,123.7 43.1,124.4 45.5,126 46.4,128.7 47.6,131.7 48.6,134.8 49.2,137.4 49.8,140.4 50,144.2 49.7,148.3 49.5,152.5 49.8,156.1 50.6,159 52.5,159.5 54.6,159.5 56.6,159.5 58.2,159.4 59.6,158.8 60.9,157.5 62,155.5 62.6,153.5 63,151 63,148.6 63,146 62)"
197,197,"1","LINESTRING(127.4 26.1,126.6 26.8,126 27.4,125.6 28,125.4 28.6,125.1 28.9,124.6 29,124.2 29.2,123.5 29.5,122.9 29.8,122.3 30.1,121.5 30.6,120.8 31.3,120.2 32,119.8 32.8,119.7 33.8,119.7 35.2,120.4 37.2,122 39.8,123.8 42.5,126.3 45.5,129 47.6,131 48.6,133 49.5)"
198,198,"1","LINESTRING(106 35.5,107 35,108.3 34.3,107.7 33.3,106.9 32.3,106 31.5,105.1 31,104 30.7,102.8 30.4,102.1 30.4,101.7 30.6,101.3 30.8,100.8 30.9,100.4 30.9,100.2 30.7,100.1 30.5,100.1 30.1,100.2 29.7,100.2 29.4,100.2 29.1,100.3 28.8,100.5 28.5,100.9 28.5,101.2 28.8,101.5 29.1,102 29.4,102.8 29.7,104 30.1,105.8 30.8,108.1 31.4,110.6 31.8)"
199,199,"1","LINESTRING(85 27.3,84.9 27.8,85 28.3,85.2 28.8,85.6 29.5,86.4 30.3,87.1 31,87.7 31.7,88.7 32.4,89.8 32.7)"
200,200,"1","LINESTRING(144.1 10,143 10.3,142 10.6,140.8 10.8,139.6 10.9,138.5 11.2,137.6 11.7,136.7 12.3,135.4 12.8,134.3 13.2,133.2 13.5,132.1 14.1,131.2 14.1,131 14.3,131 14.6,130.6 15.8,129 16.1,127.4 16.3,125.8 16.8)"
202,202,"1","LINESTRING(119.8 18,119.3 18,118.8 18.1,118.3 18.4,117.7 18.8,117.1 19.1,116.5 19.2,115.9 19.1,115.2 18.8,114.3 18,113.3 17.2,112.3 16.5,111.5 16.1,110.7 15.7,109.9 15.3,109 15.4,108.8 15.7,108.6 16,108.4 16.3,108.2 16.6,107.9 17.1,107.6 18,107.1 19.2,106.4 20.2,105.4 21,104.2 21.1,103.2 20.8,102.6 20.8,102.2 21.2,101.9 21.8,101.7 22.5,101.2 22.6,101.4 22.9,101.7 23.4,102 23.9,102.7 25.1,103.5 26.4,104.4 27.7,105.6 28.7,106.7 30.3,107.6 32.3,108.3 34.3,109.1 36.4,110.3 38.8,111.8 41.1,113.8 43.6,115.7 47.5,117.8 51.2,120.4 54.8,122.4 57.9,124.6 60.4,126.7 62.3,129.6 64.2)"
203,203,"0","LINESTRING(112.6 13.5,111.5 14.4,110.4 15.1,109.5 15.8,108.8 16.4,108.3 16.9,107.9 17.5,107.2 18.1,106.9 18.4,106.6 18.6,106.3 18.7,106 18.9,104.9 18.8,104.6 18.1,104.3 17.9,103.8 18,102.8 17.9,102.3 18,101.6 18.3,100.8 18.8,100 19.2,99.2 19.7,98.4 20.7,97.5 21.6,96.5 22.7,95.6 23.6,94.5 24.8,93.3 25.9,92.3 26.9,91 27.9,89.3 29.2,88.6 29.8,87.7 30.7,86.9 31.4,86.5 32.1,86.1 32.7,86.1 33.2,85.7 33.7,85.6 33.8,85.6 34,85.9 34.3,86.6 34.8,87.7 36.2,89.3 38.5,91.3 40.2,93.5 42.2,96.2 43.7)"
204,204,"1","LINESTRING(122.7 19.4,122.2 19.7,121.4 20.1,120.4 20.5,119.5 20.8,118.5 20.9,117.6 21.1,116.6 21.5,115.5 21.7,114.5 21.8,113.8 21.9,113.1 22.2,112.5 22.6,111.5 23.1,110.2 23.5,109 23.6,108.3 23.5,108 23.2,107.8 22.8,107.6 22.3,107.7 21.8,107.3 21.4,107 21,107.1 20.6,107.4 20.4,107.6 20.2,108.1 20.6,108.2 21.6,108.2 22.7,107.6 23.4,106.8 24.1,105.7 25.1,104.2 26.1,102.7 27.2,101.5 28.2,101.3 29.9,100.7 31.5,101.3 33.8,101.9 35.7,103.3 37.8,105.5 40,108.3 41.9,112 43.8,116.3 45.7,120.9 47,124.6 47.5,127.9 47.8)"
205,205,"0","LINESTRING(143 17.2,141.6 17.3,140.1 17.5,138.7 17.8,137.2 18.2,135.7 18.7,134.2 19.3,132.7 19.8,131.2 20.2,129.7 20.6,128.1 21.1,126.5 21.8,125 22.4,123.6 23,122.3 23.4,121 23.6,119.6 23.6,118.1 23.5,116.6 23.2,115.1 22.8,113.7 22.4,112.3 21.9,111 21.5,109.7 21.2,108.4 21.1,106.8 21,106 21,104.3 21.1,103.5 21.1,102.2 21.1,100.9 21.2,99.7 21.5,98.6 22,97.1 22.6,96.7 22.7,96 23.1,95.4 23.4,94.8 23.8,94.2 24.2,93.6 24.7,92.9 25.1,92 25.5,91.1 25.8,90 26.1,88.9 26.4,87.8 26.9,86.8 27.5,86 28.3,85.3 29.3,84.8 30.3,84.7 31.7,85.1 33.5,86.3 35.5,89 37.6,92.8 40.3,98.5 43.3,104.7 45.8,108.9 47.2)"
206,206,"1","LINESTRING(110 21.5,110.6 22,111.3 22.4,111.6 23.1,112 24,111.8 25,111.4 26,111.4 26.9,111.4 28.7,110.7 29.9,110.5 31.2,110.3 33.3,110.3 35.3,110.7 37.4,111.8 39.4,113.3 41.6,113.8 43.8,115 45.6,116.5 47.7,117.4 48.2,118.5 48.4,119 48.2,119.2 48.1)"
207,207,"1","LINESTRING(145 39,145 37.9,144.5 37,144 36.5,143.5 37,142.8 37.4,142 37.5,141 37.4,140 37.3,138.8 37.2,137.5 37,135.9 36.8,134.3 36.7,133 37,132.3 37.2,131.8 37.8,131.5 38.6,131.2 39.6,131.1 40.6,131.2 41.7,131.7 42.9,132.3 44.2,133.1 45.7,133.7 47.5,134 49.5,134 51.5,134 53.5,134.5 55.6,136 56.9,138 57,140 57,143 57,148.6 56.5,154 56)"
208,208,"0","LINESTRING(111 15.4,110.4 15.2,110.2 14.8,110.4 14.5,110.7 14.3,110.9 14.2,111.2 13.9,111.7 14.1,112 14.4,112.6 14.9,113.5 15.6,114.8 16.7,116.1 18.2,117.9 19.6,119.6 21.1,121.2 22.8,122.9 25.1,124.3 27.9,125.6 30.1,126.8 31.3,127.9 32.4,128.7 33,129.5 33.5,130.3 34,131 34.5,131.7 35.1,132.5 35.7,133.2 36.4,133.8 37,134.7 37.6,135.7 37.9,136.7 38.3)"
209,209,"0","LINESTRING(98.3 13.7,98 14.2,97.9 14.8,98 15.4,98.1 16.1,98.2 16.8,98.3 17.4,98.4 18,98.6 18.6,99 19,99.6 19.4,100.4 19.8,101.2 20.2,102 20.7,102.3 21,102.2 21.3,102.1 21.6,102.1 21.8,102.2 22.1,102.3 22.4,102.4 22.5,102.5 22.4,102.4 22.1,102.1 21.8,101.7 21.3,101.2 20.9,100.3 20.8,99.3 21,98.3 21.4,97.2 22.1,96.2 22.8,95.3 23.8,94.5 25,94.1 26.8,94.4 28.9,94.4 28.9)"